disk_id,ds,model,n_5,r_5,n_9,r_9,n_12,r_12,n_170,r_170,n_171,r_171,n_172,r_172,n_174,r_174,n_183,r_183,n_184,r_184,n_187,r_187,n_190,r_190,n_192,r_192,n_194,r_194,n_197,r_197,n_199,r_199,n_233,r_233,n_241,r_241,n_242,r_242,n_175,r_175,n_232,r_232,is_null,is_broken
82064,20190222,MA2,100,0,100,28553,100,11,100,0,100,0,100,0,100,8,100,0,100,0,100,0,85,15,100,8,100,26,100,0,100,0,8,0,100,49839324,100,30328338,100,730358000000.0,100,0,0,1
82064,20190221,MA2,100,0,100,28529,100,11,100,0,100,0,100,0,100,8,100,0,100,0,100,0,83,17,100,8,100,28,100,0,100,0,8,0,100,49839324,100,30328338,100,730264000000.0,100,0,0,1
32311,20181216,MA2,100,0,100,38380,100,130,100,0,100,0,100,0,100,126,100,6906,100,0,100,0,88,12,100,126,100,23,100,0,100,15019,89,0,100,5971482,100,1933774,100,962474000000.0,100,0,0,1
32311,20181215,MA2,100,0,100,38356,100,130,100,0,100,0,100,0,100,126,100,6906,100,0,100,0,88,12,100,126,100,23,100,0,100,15019,89,0,100,5971329,100,1933774,100,962380000000.0,100,0,0,1
32311,20181214,MA2,100,0,100,38332,100,130,100,0,100,0,100,0,100,126,100,6906,100,0,100,0,89,11,100,126,100,22,100,0,100,15019,89,0,100,5971177,100,1933774,100,962286000000.0,100,0,0,1
32311,20181213,MA2,100,0,100,38308,100,130,100,0,100,0,100,0,100,126,100,6906,100,0,100,0,88,12,100,126,100,23,100,0,100,15019,89,0,100,5971021,100,1933774,100,962193000000.0,100,0,0,1
32311,20181212,MA2,100,0,100,38285,100,130,100,0,100,0,100,0,100,126,100,6906,100,0,100,0,88,12,100,126,100,23,100,0,100,15019,89,0,100,5970867,100,1933774,100,962099000000.0,100,0,0,1
32311,20181211,MA2,100,0,100,38261,100,130,100,0,100,0,100,0,100,126,100,6906,100,0,100,0,88,12,100,126,100,23,100,0,100,15019,89,0,100,5970715,100,1933774,100,958370000000.0,100,0,0,1
18316,20180518,MA2,100,0,100,35637,100,73,100,0,100,0,100,0,100,71,100,0,100,0,100,0,87,13,100,71,100,24,100,0,100,0,91,0,100,4033465,100,876219,100,910657000000.0,100,0,0,1
18316,20180517,MA2,100,0,100,35613,100,73,100,0,100,0,100,0,100,71,100,0,100,0,100,0,87,13,100,71,100,24,100,0,100,0,91,0,100,4028393,100,876218,100,910563000000.0,100,0,0,1
18316,20180516,MA2,100,0,100,35589,100,73,100,0,100,0,100,0,100,71,100,0,100,0,100,0,87,13,100,71,100,24,100,0,100,0,91,0,100,4022897,100,876194,100,906835000000.0,100,0,0,1
18316,20180515,MA2,100,0,100,35565,100,73,100,0,100,0,100,0,100,71,100,0,100,0,100,0,87,13,100,71,100,24,100,0,100,0,91,0,100,4018433,100,876191,100,906741000000.0,100,0,0,1
18316,20180514,MA2,100,0,100,35542,100,73,100,0,100,0,100,0,100,71,100,0,100,0,100,0,87,13,100,71,100,24,100,0,100,0,91,0,100,4013546,100,876189,100,906647000000.0,100,0,0,1
18316,20180513,MA2,100,0,100,35518,100,73,100,0,100,0,100,0,100,71,100,0,100,0,100,0,87,13,100,71,100,24,100,0,100,0,91,0,100,4008730,100,876185,100,906553000000.0,100,0,0,1
32466,20181023,MA2,100,0,100,34202,100,99,100,0,100,0,100,0,100,96,100,0,100,0,100,0,87,13,100,96,100,24,100,0,100,0,91,0,100,3251023,100,320966,100,872282000000.0,100,0,0,1
32466,20181022,MA2,100,0,100,34178,100,99,100,0,100,0,100,0,100,96,100,0,100,0,100,0,87,13,100,96,100,24,100,0,100,0,91,0,100,3245832,100,320961,100,872188000000.0,100,0,0,1
32466,20181021,MA2,100,0,100,34154,100,99,100,0,100,0,100,0,100,96,100,0,100,0,100,0,87,13,100,96,100,24,100,0,100,0,91,0,100,3240675,100,320953,100,872094000000.0,100,0,0,1
32466,20181020,MA2,100,0,100,34130,100,99,100,0,100,0,100,0,100,96,100,0,100,0,100,0,87,13,100,96,100,24,100,0,100,0,91,0,100,3235842,100,320945,100,872000000000.0,100,0,0,1
32466,20181019,MA2,100,0,100,34107,100,99,100,0,100,0,100,0,100,96,100,0,100,0,100,0,87,13,100,96,100,24,100,0,100,0,91,0,100,3230990,100,320922,100,871906000000.0,100,0,0,1
30501,20181217,MA2,100,5,100,39858,100,32,99,0,100,0,100,0,100,28,100,0,100,0,100,0,86,14,100,28,100,25,100,0,100,0,61,0,100,14677712,100,3985934,100,1005380000000.0,99,0,0,1
30501,20181216,MA2,100,5,100,39834,100,32,99,0,100,0,100,0,100,28,100,0,100,0,100,0,83,17,100,28,100,28,100,0,100,0,61,0,100,14620306,100,3972102,100,1005280000000.0,99,0,0,1
30501,20181215,MA2,100,5,100,39810,100,32,99,0,100,0,100,0,100,28,100,0,100,0,100,0,83,17,100,28,100,28,100,0,100,0,61,0,100,14568904,100,3958032,100,1005190000000.0,99,0,0,1
30501,20181214,MA2,100,5,100,39786,100,32,99,0,100,0,100,0,100,28,100,0,100,0,100,0,86,14,100,28,100,25,100,0,100,0,61,0,100,14500492,100,3942311,100,1005090000000.0,99,0,0,1
21365,20191204,MA2,100,0,100,48392,100,86,100,0,100,0,100,0,100,83,100,0,100,0,100,0,86,14,100,83,100,25,100,0,100,0,81,0,100,7576211,100,2900503,100,1224150000000.0,100,0,0,1
21365,20191203,MA2,100,0,100,48364,100,75,100,0,100,0,100,0,100,72,100,0,100,0,100,0,86,14,100,72,100,25,100,0,100,0,81,0,100,7575855,100,2900466,100,1224150000000.0,100,0,0,1
21365,20191201,MA2,100,0,100,48316,100,63,100,0,100,0,100,0,100,60,100,0,100,0,100,0,86,14,100,60,100,25,100,0,100,0,81,0,100,7575145,100,2900371,100,1224340000000.0,100,0,0,1
21365,20191130,MA2,100,0,100,48292,100,63,100,0,100,0,100,0,100,60,100,0,100,0,100,0,86,14,100,60,100,25,100,0,100,0,81,0,100,7574778,100,2900371,100,1224250000000.0,100,0,0,1
21365,20191129,MA2,100,0,100,48268,100,63,100,0,100,0,100,0,100,60,100,0,100,0,100,0,86,14,100,60,100,25,100,0,100,0,81,0,100,7574416,100,2900371,100,1224160000000.0,100,0,0,1
21365,20191128,MA2,100,0,100,48245,100,62,100,0,100,0,100,0,100,59,100,0,100,0,100,0,86,14,100,59,100,25,100,0,100,0,81,0,100,7574050,100,2900371,100,1224130000000.0,100,0,0,1
92125,20180909,MA2,100,0,100,36575,100,54,100,0,100,0,100,0,100,52,100,0,100,0,100,0,85,15,100,52,100,26,100,0,100,0,83,0,100,5388397,100,519799,100,928177000000.0,100,0,0,1
92125,20180908,MA2,100,0,100,36551,100,54,100,0,100,0,100,0,100,52,100,0,100,0,100,0,86,14,100,52,100,25,100,0,100,0,83,0,100,5370919,100,517238,100,928083000000.0,100,0,0,1
92125,20180907,MA2,100,0,100,36527,100,54,100,0,100,0,100,0,100,52,100,0,100,0,100,0,86,14,100,52,100,25,100,0,100,0,83,0,100,5358594,100,516272,100,927989000000.0,100,0,0,1
92125,20180906,MA2,100,0,100,36503,100,54,100,0,100,0,100,0,100,52,100,0,100,0,100,0,84,16,100,52,100,27,100,0,100,0,83,0,100,5342614,100,515197,100,927895000000.0,100,0,0,1
92125,20180905,MA2,100,0,100,36479,100,54,100,0,100,0,100,0,100,52,100,0,100,0,100,0,84,16,100,52,100,27,100,0,100,0,83,0,100,5329560,100,514685,100,927801000000.0,100,0,0,1
92125,20180904,MA2,100,0,100,36455,100,54,100,0,100,0,100,0,100,52,100,0,100,0,100,0,84,16,100,52,100,27,100,0,100,0,83,0,100,5315848,100,512828,100,924073000000.0,100,0,0,1
96002,20190130,MA2,100,0,100,41882,100,70,100,0,100,0,100,0,100,68,100,8,100,0,100,0,87,13,100,68,100,24,100,0,100,246,95,0,100,1699799,100,1003286,100,1061150000000.0,100,0,0,1
96002,20190129,MA2,100,0,100,41858,100,70,100,0,100,0,100,0,100,68,100,8,100,0,100,0,87,13,100,68,100,24,100,0,100,246,95,0,100,1699725,100,1003286,100,1061060000000.0,100,0,0,1
96002,20190128,MA2,100,0,100,41834,100,70,100,0,100,0,100,0,100,68,100,8,100,0,100,0,88,12,100,68,100,23,100,0,100,245,95,0,100,1699654,100,1003286,100,1060970000000.0,100,0,0,1
96002,20190127,MA2,100,0,100,41811,100,70,100,0,100,0,100,0,100,68,100,8,100,0,100,0,87,13,100,68,100,24,100,0,100,244,95,0,100,1699581,100,1003286,100,1060870000000.0,100,0,0,1
96002,20190126,MA2,100,0,100,41787,100,70,100,0,100,0,100,0,100,68,100,8,100,0,100,0,88,12,100,68,100,23,100,0,100,244,95,0,100,1699508,100,1003286,100,1057140000000.0,100,0,0,1
96002,20190125,MA2,100,0,100,41763,100,70,100,0,100,0,100,0,100,68,100,8,100,0,100,0,89,11,100,68,100,22,100,0,100,243,95,0,100,1699432,100,1003286,100,1057050000000.0,100,0,0,1
116017,20191204,MA2,100,2,100,48824,100,83,99,0,100,2,100,0,100,78,100,0,100,0,100,0,84,16,100,78,100,27,100,0,100,0,82,0,100,10592966,100,3039880,100,1228470000000.0,99,0,0,1
116017,20191202,MA2,100,2,100,48776,100,81,99,0,100,2,100,0,100,76,100,0,100,0,100,0,84,16,100,76,100,27,100,0,100,0,82,0,100,10590204,100,3039819,100,1228660000000.0,99,0,0,1
116017,20191201,MA2,100,2,100,48752,100,81,99,0,100,2,100,0,100,76,100,0,100,0,100,0,84,16,100,76,100,27,100,0,100,0,82,0,100,10588152,100,3039819,100,1228570000000.0,99,0,0,1
116017,20191130,MA2,100,2,100,48728,100,81,99,0,100,2,100,0,100,76,100,0,100,0,100,0,84,16,100,76,100,27,100,0,100,0,82,0,100,10586083,100,3039819,100,1228480000000.0,99,0,0,1
116017,20191129,MA2,100,2,100,48704,100,81,99,0,100,2,100,0,100,76,100,0,100,0,100,0,84,16,100,76,100,27,100,0,100,0,82,0,100,10584018,100,3039819,100,1228380000000.0,99,0,0,1
116017,20191128,MA2,100,2,100,48680,100,81,99,0,100,2,100,0,100,76,100,0,100,0,100,0,84,16,100,76,100,27,100,0,100,0,82,0,100,10581968,100,3039818,100,1224650000000.0,99,0,0,1
34092,20180812,MA2,100,0,100,36134,100,18,100,0,100,0,100,0,100,5,100,0,100,0,100,0,87,13,100,5,100,24,100,0,100,0,90,0,100,3247321,100,180984,100,923890000000.0,100,0,0,1
34092,20180811,MA2,100,0,100,36110,100,18,100,0,100,0,100,0,100,5,100,0,100,0,100,0,87,13,100,5,100,24,100,0,100,0,90,0,100,3244319,100,180974,100,923796000000.0,100,0,0,1
34092,20180810,MA2,100,0,100,36086,100,18,100,0,100,0,100,0,100,5,100,0,100,0,100,0,88,12,100,5,100,23,100,0,100,0,90,0,100,3241279,100,180972,100,923702000000.0,100,0,0,1
34092,20180809,MA2,100,0,100,36062,100,18,100,0,100,0,100,0,100,5,100,0,100,0,100,0,88,12,100,5,100,23,100,0,100,0,90,0,100,3234886,100,180520,100,923608000000.0,100,0,0,1
34092,20180808,MA2,100,0,100,36039,100,18,100,0,100,0,100,0,100,5,100,0,100,0,100,0,87,13,100,5,100,24,100,0,100,0,90,0,100,3228201,100,179231,100,923514000000.0,100,0,0,1
34092,20180807,MA2,100,0,100,36015,100,18,100,0,100,0,100,0,100,5,100,0,100,0,100,0,87,13,100,5,100,24,100,0,100,0,90,0,100,3221630,100,179175,100,923421000000.0,100,0,0,1
40159,20181212,MA2,100,0,100,40300,100,70,100,0,100,0,100,0,100,66,100,30378,100,0,100,0,84,16,100,66,100,27,100,0,100,7579,90,0,100,3969383,100,370036,100,1026630000000.0,100,0,0,1
40159,20181211,MA2,100,0,100,40276,100,70,100,0,100,0,100,0,100,66,100,30285,100,0,100,0,84,16,100,66,100,27,100,0,100,7576,90,0,100,3967835,100,370036,100,1026530000000.0,100,0,0,1
40159,20181210,MA2,100,0,100,40253,100,70,100,0,100,0,100,0,100,66,100,30201,100,0,100,0,84,16,100,66,100,27,100,0,100,7553,90,0,100,3966285,100,370036,100,1022800000000.0,100,0,0,1
40159,20181209,MA2,100,0,100,40229,100,70,100,0,100,0,100,0,100,66,100,30141,100,0,100,0,84,16,100,66,100,27,100,0,100,7526,90,0,100,3964723,100,370036,100,1022710000000.0,100,0,0,1
40159,20181208,MA2,100,0,100,40205,100,70,100,0,100,0,100,0,100,66,100,30085,100,0,100,0,84,16,100,66,100,27,100,0,100,7522,90,0,100,3963149,100,370036,100,1022620000000.0,100,0,0,1
40159,20181207,MA2,100,0,100,40181,100,70,100,0,100,0,100,0,100,66,100,30047,100,0,100,0,84,16,100,66,100,27,100,0,100,7521,90,0,100,3961577,100,370036,100,1022520000000.0,100,0,0,1
57982,20180729,MA2,100,0,100,37486,100,24,100,0,100,0,100,0,100,22,100,0,100,0,100,0,85,15,100,22,100,26,100,0,100,0,89,0,100,3634460,100,185847,100,953969000000.0,100,0,0,1
57982,20180728,MA2,100,0,100,37462,100,24,100,0,100,0,100,0,100,22,100,0,100,0,100,0,86,14,100,22,100,25,100,0,100,0,89,0,100,3628709,100,185773,100,953875000000.0,100,0,0,1
57982,20180727,MA2,100,0,100,37439,100,24,100,0,100,0,100,0,100,22,100,0,100,0,100,0,85,15,100,22,100,26,100,0,100,0,89,0,100,3623037,100,185712,100,953781000000.0,100,0,0,1
57982,20180726,MA2,100,0,100,37415,100,24,100,0,100,0,100,0,100,22,100,0,100,0,100,0,86,14,100,22,100,25,100,0,100,0,89,0,100,3617350,100,185660,100,953687000000.0,100,0,0,1
57982,20180725,MA2,100,0,100,37391,100,24,100,0,100,0,100,0,100,22,100,0,100,0,100,0,86,14,100,22,100,25,100,0,100,0,89,0,100,3611446,100,185577,100,953593000000.0,100,0,0,1
57982,20180724,MA2,100,0,100,37367,100,24,100,0,100,0,100,0,100,22,100,0,100,0,100,0,85,15,100,22,100,26,100,0,100,0,89,0,100,3605623,100,185429,100,953500000000.0,100,0,0,1
62240,20180525,MA2,100,0,100,33276,100,15,100,0,100,0,100,0,100,10,100,0,100,0,100,0,84,16,100,10,100,27,100,0,100,0,92,0,100,2703118,100,117817,100,850846000000.0,100,0,0,1
62240,20180524,MA2,100,0,100,33252,100,15,100,0,100,0,100,0,100,10,100,0,100,0,100,0,84,16,100,10,100,27,100,0,100,0,92,0,100,2688328,100,117299,100,850752000000.0,100,0,0,1
62240,20180523,MA2,100,0,100,33228,100,15,100,0,100,0,100,0,100,10,100,0,100,0,100,0,84,16,100,10,100,27,100,0,100,0,92,0,100,2679170,100,117034,100,850658000000.0,100,0,0,1
62240,20180522,MA2,100,0,100,33204,100,15,100,0,100,0,100,0,100,10,100,0,100,0,100,0,83,17,100,10,100,28,100,0,100,0,92,0,100,2669805,100,116552,100,850564000000.0,100,0,0,1
62240,20180521,MA2,100,0,100,33180,100,15,100,0,100,0,100,0,100,10,100,0,100,0,100,0,84,16,100,10,100,27,100,0,100,0,92,0,100,2660063,100,116121,100,850470000000.0,100,0,0,1
62240,20180520,MA2,100,0,100,33157,100,15,100,0,100,0,100,0,100,10,100,0,100,0,100,0,84,16,100,10,100,27,100,0,100,0,92,0,100,2651080,100,115722,100,846742000000.0,100,0,0,1
62240,20180519,MA2,100,0,100,33133,100,15,100,0,100,0,100,0,100,10,100,0,100,0,100,0,84,16,100,10,100,27,100,0,100,0,92,0,100,2642570,100,115500,100,846648000000.0,100,0,0,1
60626,20180918,MA2,100,0,100,38181,100,96,100,0,100,0,100,0,100,93,100,4,100,0,100,0,86,14,100,93,100,25,100,0,100,0,86,0,100,5460103,100,1963751,100,971117000000.0,100,0,0,1
60626,20180917,MA2,100,0,100,38157,100,96,100,0,100,0,100,0,100,93,100,0,100,0,100,0,86,14,100,93,100,25,100,0,100,0,86,0,100,5454992,100,1963360,100,971023000000.0,100,0,0,1
60626,20180916,MA2,100,0,100,38133,100,96,100,0,100,0,100,0,100,93,100,0,100,0,100,0,86,14,100,93,100,25,100,0,100,0,86,0,100,5451930,100,1963346,100,970929000000.0,100,0,0,1
60626,20180915,MA2,100,0,100,38109,100,96,100,0,100,0,100,0,100,93,100,0,100,0,100,0,86,14,100,93,100,25,100,0,100,0,86,0,100,5448800,100,1963333,100,970835000000.0,100,0,0,1
60626,20180914,MA2,100,0,100,38085,100,96,100,0,100,0,100,0,100,93,100,0,100,0,100,0,86,14,100,93,100,25,100,0,100,0,86,0,100,5445435,100,1963292,100,970741000000.0,100,0,0,1
60626,20180913,MA2,100,0,100,38061,100,96,100,0,100,0,100,0,100,93,100,0,100,0,100,0,86,14,100,93,100,25,100,0,100,0,86,0,100,5441954,100,1963278,100,967013000000.0,100,0,0,1
60626,20180912,MA2,100,0,100,38037,100,96,100,0,100,0,100,0,100,93,100,0,100,0,100,0,86,14,100,93,100,25,100,0,100,0,86,0,100,5438285,100,1963264,100,966919000000.0,100,0,0,1
79793,20180713,MA2,100,0,100,36892,100,29,100,0,100,0,100,0,100,27,100,0,100,0,100,0,88,12,100,27,100,23,100,0,100,0,79,0,100,11184340,100,1061460,100,944898000000.0,100,0,0,1
79793,20180712,MA2,100,0,100,36868,100,29,100,0,100,0,100,0,100,27,100,0,100,0,100,0,87,13,100,27,100,24,100,0,100,0,79,0,100,11182087,100,1060990,100,941170000000.0,100,0,0,1
79793,20180711,MA2,100,0,100,36844,100,29,100,0,100,0,100,0,100,27,100,0,100,0,100,0,87,13,100,27,100,24,100,0,100,0,79,0,100,11178224,100,1060952,100,941076000000.0,100,0,0,1
79793,20180710,MA2,100,0,100,36821,100,29,100,0,100,0,100,0,100,27,100,0,100,0,100,0,87,13,100,27,100,24,100,0,100,0,79,0,100,11174017,100,1060920,100,940982000000.0,100,0,0,1
79793,20180709,MA2,100,0,100,36797,100,29,100,0,100,0,100,0,100,27,100,0,100,0,100,0,87,13,100,27,100,24,100,0,100,0,79,0,100,11169957,100,1060864,100,940888000000.0,100,0,0,1
79793,20180708,MA2,100,0,100,36773,100,29,100,0,100,0,100,0,100,27,100,0,100,0,100,0,87,13,100,27,100,24,100,0,100,0,79,0,100,11166384,100,1060820,100,940794000000.0,100,0,0,1
79793,20180707,MA2,100,0,100,36749,100,29,100,0,100,0,100,0,100,27,100,0,100,0,100,0,86,14,100,27,100,25,100,0,100,0,79,0,100,11162812,100,1060747,100,940700000000.0,100,0,0,1
40034,20181212,MA2,100,0,100,40244,100,50,100,0,100,0,100,0,100,47,100,2,100,0,100,0,86,14,100,47,100,25,100,0,100,640,78,0,100,9532442,100,738885,100,1026560000000.0,100,0,0,1
40034,20181211,MA2,100,0,100,40220,100,50,100,0,100,0,100,0,100,47,100,2,100,0,100,0,86,14,100,47,100,25,100,0,100,640,78,0,100,9530469,100,738884,100,1022830000000.0,100,0,0,1
40034,20181210,MA2,100,0,100,40196,100,50,100,0,100,0,100,0,100,47,100,2,100,0,100,0,86,14,100,47,100,25,100,0,100,640,78,0,100,9528521,100,738882,100,1022740000000.0,100,0,0,1
40034,20181209,MA2,100,0,100,40173,100,50,100,0,100,0,100,0,100,47,100,2,100,0,100,0,86,14,100,47,100,25,100,0,100,640,78,0,100,9526652,100,738880,100,1022640000000.0,100,0,0,1
40034,20181208,MA2,100,0,100,40149,100,50,100,0,100,0,100,0,100,47,100,2,100,0,100,0,86,14,100,47,100,25,100,0,100,640,78,0,100,9524818,100,738879,100,1022550000000.0,100,0,0,1
113581,20181121,MA2,100,0,100,39767,100,82,100,0,100,0,100,0,100,79,100,0,100,0,100,0,87,13,100,79,100,24,100,0,100,0,82,0,100,6775333,100,37627324,100,1013660000000.0,100,0,0,1
113581,20181120,MA2,100,0,100,39743,100,82,100,0,100,0,100,0,100,79,100,0,100,0,100,0,87,13,100,79,100,24,100,0,100,0,82,0,100,6773497,100,37627318,100,1009930000000.0,100,0,0,1
113581,20181119,MA2,100,0,100,39719,100,82,100,0,100,0,100,0,100,79,100,0,100,0,100,0,87,13,100,79,100,24,100,0,100,0,82,0,100,6771727,100,37627317,100,1009830000000.0,100,0,0,1
113581,20181118,MA2,100,0,100,39696,100,82,100,0,100,0,100,0,100,79,100,0,100,0,100,0,87,13,100,79,100,24,100,0,100,0,82,0,100,6769881,100,37627306,100,1009740000000.0,100,0,0,1
113581,20181117,MA2,100,0,100,39672,100,82,100,0,100,0,100,0,100,79,100,0,100,0,100,0,87,13,100,79,100,24,100,0,100,0,82,0,100,6768022,100,37627292,100,1009650000000.0,100,0,0,1
113581,20181116,MA2,100,0,100,39648,100,82,100,0,100,0,100,0,100,79,100,0,100,0,100,0,87,13,100,79,100,24,100,0,100,0,82,0,100,6766152,100,37627263,100,1009550000000.0,100,0,0,1
114300,20191207,MA2,100,1,100,48946,100,86,99,0,100,0,100,0,100,82,100,12,100,0,100,0,85,15,100,82,100,26,100,0,100,73,89,0,100,4805602,100,360657,100,1241490000000.0,99,0,0,1
114300,20191206,MA2,100,1,100,48922,100,86,99,0,100,0,100,0,100,82,100,12,100,0,100,0,85,15,100,82,100,26,100,0,100,73,89,0,100,4804093,100,360657,100,1241390000000.0,99,0,0,1
114300,20191205,MA2,100,1,100,48898,100,86,99,0,100,0,100,0,100,82,100,12,100,0,100,0,85,15,100,82,100,26,100,0,100,73,89,0,100,4802602,100,360657,100,1241300000000.0,99,0,0,1
114300,20191204,MA2,100,1,100,48874,100,86,99,0,100,0,100,0,100,82,100,12,100,0,100,0,85,15,100,82,100,26,100,0,100,73,89,0,100,4801068,100,360657,100,1237570000000.0,99,0,0,1
114300,20191203,MA2,100,1,100,48851,100,86,99,0,100,0,100,0,100,82,100,12,100,0,100,0,85,15,100,82,100,26,100,0,100,73,89,0,100,4799556,100,360657,100,1237480000000.0,99,0,0,1
2291,20180925,MA2,100,0,100,38897,100,19,100,0,100,0,100,0,100,17,100,0,100,0,100,0,85,15,100,17,100,26,100,0,100,0,1,0,100,41520400,100,3518248,100,992366000000.0,100,0,0,1
2291,20180924,MA2,100,0,100,38873,100,19,100,0,100,0,100,0,100,17,100,0,100,0,100,0,85,15,100,17,100,26,100,0,100,0,1,0,100,41520078,100,3518248,100,992272000000.0,100,0,0,1
2291,20180923,MA2,100,0,100,38849,100,19,100,0,100,0,100,0,100,17,100,0,100,0,100,0,85,15,100,17,100,26,100,0,100,0,1,0,100,41519777,100,3518248,100,992178000000.0,100,0,0,1
2291,20180922,MA2,100,0,100,38826,100,19,100,0,100,0,100,0,100,17,100,0,100,0,100,0,85,15,100,17,100,26,100,0,100,0,1,0,100,41519477,100,3518248,100,988449000000.0,100,0,0,1
2291,20180921,MA2,100,0,100,38802,100,19,100,0,100,0,100,0,100,17,100,0,100,0,100,0,85,15,100,17,100,26,100,0,100,0,1,0,100,41519176,100,3518248,100,988355000000.0,100,0,0,1
2291,20180920,MA2,100,0,100,38778,100,19,100,0,100,0,100,0,100,17,100,0,100,0,100,0,85,15,100,17,100,26,100,0,100,0,1,0,100,41518877,100,3518248,100,988261000000.0,100,0,0,1
2291,20180919,MA2,100,0,100,38754,100,19,100,0,100,0,100,0,100,17,100,0,100,0,100,0,84,16,100,17,100,27,100,0,100,0,1,0,100,41518580,100,3518248,100,988167000000.0,100,0,0,1
20122,20191125,MA2,100,0,100,48712,100,44,100,0,100,0,100,0,100,40,100,14,100,0,100,0,84,16,100,40,100,27,100,0,100,235,67,0,100,16716580,100,2298190,100,1232940000000.0,100,0,0,1
20122,20191124,MA2,100,0,100,48688,100,44,100,0,100,0,100,0,100,40,100,14,100,0,100,0,84,16,100,40,100,27,100,0,100,235,67,0,100,16716377,100,2298190,100,1232850000000.0,100,0,0,1
20122,20191123,MA2,100,0,100,48664,100,44,100,0,100,0,100,0,100,40,100,14,100,0,100,0,84,16,100,40,100,27,100,0,100,235,67,0,100,16716161,100,2298189,100,1232750000000.0,100,0,0,1
20122,20191122,MA2,100,0,100,48640,100,44,100,0,100,0,100,0,100,40,100,14,100,0,100,0,84,16,100,40,100,27,100,0,100,235,67,0,100,16715956,100,2298189,100,1232660000000.0,100,0,0,1
20122,20191121,MA2,100,0,100,48616,100,44,100,0,100,0,100,0,100,40,100,14,100,0,100,0,84,16,100,40,100,27,100,0,100,235,67,0,100,16715751,100,2298189,100,1228930000000.0,100,0,0,1
119328,20180810,MA2,100,0,100,37108,100,63,100,0,100,0,100,0,100,60,100,0,100,0,100,0,87,13,100,60,100,24,100,0,100,0,89,0,100,5199953,100,3335557,100,919205000000.0,100,0,0,1
119328,20180809,MA2,100,0,100,37085,100,63,100,0,100,0,100,0,100,60,100,0,100,0,100,0,87,13,100,60,100,24,100,0,100,0,89,0,100,5199839,100,3335557,100,915477000000.0,100,0,0,1
119328,20180808,MA2,100,0,100,37061,100,63,100,0,100,0,100,0,100,60,100,0,100,0,100,0,87,13,100,60,100,24,100,0,100,0,89,0,100,5199725,100,3335557,100,915383000000.0,100,0,0,1
119328,20180807,MA2,100,0,100,37037,100,63,100,0,100,0,100,0,100,60,100,0,100,0,100,0,87,13,100,60,100,24,100,0,100,0,89,0,100,5199611,100,3335557,100,915289000000.0,100,0,0,1
119328,20180806,MA2,100,0,100,37013,100,63,100,0,100,0,100,0,100,60,100,0,100,0,100,0,87,13,100,60,100,24,100,0,100,0,89,0,100,5199495,100,3335557,100,915195000000.0,100,0,0,1
119328,20180805,MA2,100,0,100,36989,100,63,100,0,100,0,100,0,100,60,100,0,100,0,100,0,87,13,100,60,100,24,100,0,100,0,89,0,100,5199381,100,3335557,100,915101000000.0,100,0,0,1
117002,20180918,MA2,100,2,100,38137,100,77,99,0,100,1,100,0,100,74,100,3,100,0,100,0,86,14,100,74,100,25,100,0,100,0,82,0,100,7422697,100,2735804,100,971015000000.0,99,0,0,1
117002,20180917,MA2,100,2,100,38113,100,77,99,0,100,1,100,0,100,74,100,0,100,0,100,0,85,15,100,74,100,26,100,0,100,0,82,0,100,7418200,100,2734402,100,970921000000.0,99,0,0,1
117002,20180916,MA2,100,2,100,38089,100,77,99,0,100,1,100,0,100,74,100,0,100,0,100,0,85,15,100,74,100,26,100,0,100,0,82,0,100,7415630,100,2734389,100,970827000000.0,99,0,0,1
117002,20180915,MA2,100,2,100,38065,100,77,99,0,100,1,100,0,100,74,100,0,100,0,100,0,85,15,100,74,100,26,100,0,100,0,82,0,100,7412968,100,2734376,100,970733000000.0,99,0,0,1
117002,20180914,MA2,100,2,100,38041,100,77,99,0,100,1,100,0,100,74,100,0,100,0,100,0,85,15,100,74,100,26,100,0,100,0,82,0,100,7410091,100,2734341,100,967005000000.0,99,0,0,1
117002,20180913,MA2,100,2,100,38017,100,77,99,0,100,1,100,0,100,74,100,0,100,0,100,0,85,15,100,74,100,26,100,0,100,0,82,0,100,7407127,100,2734327,100,966911000000.0,99,0,0,1
117002,20180912,MA2,100,2,100,37993,100,77,99,0,100,1,100,0,100,74,100,0,100,0,100,0,85,15,100,74,100,26,100,0,100,0,82,0,100,7403990,100,2734314,100,966817000000.0,99,0,0,1
95630,20190407,MA2,100,1,100,39504,100,47,99,0,100,0,100,0,100,45,100,23918,100,0,100,0,88,12,100,45,100,23,100,0,100,2,91,0,100,5151008,100,2595969,100,880760000000.0,99,0,0,1
95630,20190406,MA2,100,1,100,39481,100,47,99,0,100,0,100,0,100,45,100,23918,100,0,100,0,88,12,100,45,100,23,100,0,100,2,91,0,100,5150617,100,2595969,100,880666000000.0,99,0,0,1
95630,20190405,MA2,100,1,100,39457,100,47,99,0,100,0,100,0,100,45,100,23918,100,0,100,0,88,12,100,45,100,23,100,0,100,2,91,0,100,5150229,100,2595969,100,880572000000.0,99,0,0,1
95630,20190404,MA2,100,1,100,39433,100,47,99,0,100,0,100,0,100,45,100,23918,100,0,100,0,88,12,100,45,100,23,100,0,100,2,91,0,100,5149840,100,2595969,100,880478000000.0,99,0,0,1
95630,20190403,MA2,100,1,100,39409,100,47,99,0,100,0,100,0,100,45,100,23918,100,0,100,0,88,12,100,45,100,23,100,0,100,2,91,0,100,5149447,100,2595969,100,876750000000.0,99,0,0,1
95630,20190402,MA2,100,1,100,39385,100,47,99,0,100,0,100,0,100,45,100,23918,100,0,100,0,88,12,100,45,100,23,100,0,100,2,91,0,100,5149055,100,2595969,100,876656000000.0,99,0,0,1
25413,20181206,MA2,100,0,100,40366,100,31,100,0,100,0,100,0,100,27,100,0,100,0,100,0,88,12,100,27,100,23,100,0,100,0,76,0,100,10864990,100,945111,100,1026680000000.0,100,0,0,1
25413,20181205,MA2,100,0,100,40342,100,31,100,0,100,0,100,0,100,27,100,0,100,0,100,0,88,12,100,27,100,23,100,0,100,0,76,0,100,10861307,100,943260,100,1026580000000.0,100,0,0,1
25413,20181204,MA2,100,0,100,40318,100,31,100,0,100,0,100,0,100,27,100,0,100,0,100,0,88,12,100,27,100,23,100,0,100,0,76,0,100,10857457,100,941200,100,1022860000000.0,100,0,0,1
25413,20181203,MA2,100,0,100,40294,100,31,100,0,100,0,100,0,100,27,100,0,100,0,100,0,88,12,100,27,100,23,100,0,100,0,76,0,100,10853310,100,938318,100,1022760000000.0,100,0,0,1
25413,20181202,MA2,100,0,100,40270,100,31,100,0,100,0,100,0,100,27,100,0,100,0,100,0,88,12,100,27,100,23,100,0,100,0,76,0,100,10849398,100,935332,100,1022670000000.0,100,0,0,1
25413,20181201,MA2,100,0,100,40247,100,31,100,0,100,0,100,0,100,27,100,0,100,0,100,0,88,12,100,27,100,23,100,0,100,0,76,0,100,10845375,100,932245,100,1022570000000.0,100,0,0,1
4905,20180416,MA2,100,0,100,32329,100,30,100,0,100,0,100,0,100,26,100,18,100,0,100,0,86,14,100,26,100,25,100,0,100,32,90,0,100,5513017,100,369221,100,828941000000.0,100,0,0,1
4905,20180415,MA2,100,0,100,32305,100,30,100,0,100,0,100,0,100,26,100,17,100,0,100,0,86,14,100,26,100,25,100,0,100,32,90,0,100,5508253,100,369177,100,825213000000.0,100,0,0,1
4905,20180414,MA2,100,0,100,32281,100,30,100,0,100,0,100,0,100,26,100,17,100,0,100,0,87,13,100,26,100,24,100,0,100,32,90,0,100,5503335,100,368977,100,825119000000.0,100,0,0,1
4905,20180413,MA2,100,0,100,32257,100,30,100,0,100,0,100,0,100,26,100,17,100,0,100,0,87,13,100,26,100,24,100,0,100,32,90,0,100,5498348,100,368794,100,825025000000.0,100,0,0,1
4905,20180412,MA2,100,0,100,32233,100,30,100,0,100,0,100,0,100,26,100,17,100,0,100,0,86,14,100,26,100,25,100,0,100,32,90,0,100,5493207,100,368649,100,824931000000.0,100,0,0,1
4905,20180411,MA2,100,0,100,32209,100,30,100,0,100,0,100,0,100,26,100,17,100,0,100,0,87,13,100,26,100,24,100,0,100,32,90,0,100,5487971,100,368471,100,824837000000.0,100,0,0,1
46458,20190302,MA2,100,0,100,42132,100,27,100,0,100,0,100,0,100,22,100,0,100,0,100,0,86,14,100,22,100,25,100,0,100,0,77,0,100,11471540,100,3049730,100,1065310000000.0,100,0,0,1
46458,20190301,MA2,100,0,100,42108,100,27,100,0,100,0,100,0,100,22,100,0,100,0,100,0,85,15,100,22,100,26,100,0,100,0,77,0,100,11471370,100,3049730,100,1065220000000.0,100,0,0,1
46458,20190228,MA2,100,0,100,42084,100,27,100,0,100,0,100,0,100,22,100,0,100,0,100,0,86,14,100,22,100,25,100,0,100,0,77,0,100,11471191,100,3049730,100,1061490000000.0,100,0,0,1
46458,20190227,MA2,100,0,100,42060,100,27,100,0,100,0,100,0,100,22,100,0,100,0,100,0,85,15,100,22,100,26,100,0,100,0,77,0,100,11471012,100,3049730,100,1061400000000.0,100,0,0,1
46458,20190226,MA2,100,0,100,42036,100,27,100,0,100,0,100,0,100,22,100,0,100,0,100,0,85,15,100,22,100,26,100,0,100,0,77,0,100,11470837,100,3049730,100,1061300000000.0,100,0,0,1
46458,20190225,MA2,100,0,100,42013,100,27,100,0,100,0,100,0,100,22,100,0,100,0,100,0,86,14,100,22,100,25,100,0,100,0,77,0,100,11470657,100,3049730,100,1061210000000.0,100,0,0,1
68272,20180812,MA2,100,0,100,37603,100,162,100,0,100,0,100,0,100,159,100,0,100,0,100,0,88,12,100,159,100,23,100,0,100,0,94,0,100,2648108,100,338498,100,902284000000.0,100,0,0,1
68272,20180811,MA2,100,0,100,37580,100,162,100,0,100,0,100,0,100,159,100,0,100,0,100,0,87,13,100,159,100,24,100,0,100,0,94,0,100,2647888,100,338426,100,902190000000.0,100,0,0,1
68272,20180810,MA2,100,0,100,37556,100,162,100,0,100,0,100,0,100,159,100,0,100,0,100,0,87,13,100,159,100,24,100,0,100,0,94,0,100,2647674,100,338358,100,902096000000.0,100,0,0,1
68272,20180809,MA2,100,0,100,37532,100,162,100,0,100,0,100,0,100,159,100,0,100,0,100,0,88,12,100,159,100,23,100,0,100,0,94,0,100,2647449,100,338286,100,902002000000.0,100,0,0,1
68272,20180808,MA2,100,0,100,37508,100,162,100,0,100,0,100,0,100,159,100,0,100,0,100,0,88,12,100,159,100,23,100,0,100,0,94,0,100,2647223,100,338198,100,898274000000.0,100,0,0,1
68272,20180807,MA2,100,0,100,37484,100,162,100,0,100,0,100,0,100,159,100,0,100,0,100,0,88,12,100,159,100,23,100,0,100,0,94,0,100,2646997,100,338125,100,898180000000.0,100,0,0,1
112693,20180625,MA2,100,0,100,36675,100,23,100,0,100,0,100,0,100,21,100,0,100,0,100,0,86,14,100,21,100,25,100,0,100,0,89,0,100,3235439,100,131106,100,932606000000.0,100,0,0,1
112693,20180624,MA2,100,0,100,36651,100,23,100,0,100,0,100,0,100,21,100,0,100,0,100,0,86,14,100,21,100,25,100,0,100,0,89,0,100,3229898,100,130676,100,932512000000.0,100,0,0,1
112693,20180623,MA2,100,0,100,36627,100,23,100,0,100,0,100,0,100,21,100,0,100,0,100,0,86,14,100,21,100,25,100,0,100,0,89,0,100,3224699,100,130320,100,932418000000.0,100,0,0,1
112693,20180622,MA2,100,0,100,36603,100,23,100,0,100,0,100,0,100,21,100,0,100,0,100,0,86,14,100,21,100,25,100,0,100,0,89,0,100,3219829,100,130089,100,932324000000.0,100,0,0,1
112693,20180621,MA2,100,0,100,36579,100,23,100,0,100,0,100,0,100,21,100,0,100,0,100,0,86,14,100,21,100,25,100,0,100,0,89,0,100,3214002,100,129286,100,932230000000.0,100,0,0,1
112693,20180620,MA2,100,0,100,36555,100,23,100,0,100,0,100,0,100,21,100,0,100,0,100,0,86,14,100,21,100,25,100,0,100,0,89,0,100,3208159,100,128873,100,932136000000.0,100,0,0,1
10663,20180915,MA2,100,1,100,38643,100,19,99,0,100,0,100,0,100,17,100,0,100,0,100,0,86,14,100,17,100,25,100,0,100,0,1,0,100,41509166,100,3481639,100,984104000000.0,99,0,0,1
10663,20180913,MA2,100,1,100,38595,100,19,99,0,100,0,100,0,100,17,100,0,100,0,100,0,84,16,100,17,100,27,100,0,100,0,1,0,100,41508570,100,3481598,100,983916000000.0,99,0,0,1
10663,20180912,MA2,100,1,100,38571,100,19,99,0,100,0,100,0,100,17,100,0,100,0,100,0,86,14,100,17,100,25,100,0,100,0,1,0,100,41508054,100,3481596,100,983822000000.0,99,0,0,1
10663,20180911,MA2,100,1,100,38548,100,19,99,0,100,0,100,0,100,17,100,0,100,0,100,0,86,14,100,17,100,25,100,0,100,0,1,0,100,41507979,100,3481596,100,983728000000.0,99,0,0,1
10663,20180909,MA2,100,1,100,38500,100,19,99,0,100,0,100,0,100,17,100,0,100,0,100,0,86,14,100,17,100,25,100,0,100,0,1,0,100,41507818,100,3481596,100,979906000000.0,99,0,0,1
39186,20181220,MA2,100,0,100,38486,100,33,100,0,100,0,100,0,100,30,100,1068,100,0,100,0,88,12,100,30,100,23,100,0,100,1648,81,0,100,7319023,100,990048,100,975309000000.0,100,0,0,1
39186,20181219,MA2,100,0,100,38462,100,33,100,0,100,0,100,0,100,30,100,1031,100,0,100,0,88,12,100,30,100,23,100,0,100,1592,81,0,100,7315338,100,989940,100,975215000000.0,100,0,0,1
39186,20181218,MA2,100,0,100,38438,100,33,100,0,100,0,100,0,100,30,100,991,100,0,100,0,88,12,100,30,100,23,100,0,100,1525,81,0,100,7311353,100,989856,100,975121000000.0,100,0,0,1
39186,20181217,MA2,100,0,100,38414,100,33,100,0,100,0,100,0,100,30,100,932,100,0,100,0,88,12,100,30,100,23,100,0,100,1454,81,0,100,7307663,100,989748,100,975027000000.0,100,0,0,1
39186,20181216,MA2,100,0,100,38391,100,33,100,0,100,0,100,0,100,30,100,877,100,0,100,0,88,12,100,30,100,23,100,0,100,1375,81,0,100,7303900,100,989585,100,971299000000.0,100,0,0,1
39186,20181215,MA2,100,0,100,38367,100,33,100,0,100,0,100,0,100,30,100,835,100,0,100,0,88,12,100,30,100,23,100,0,100,1316,81,0,100,7300221,100,989470,100,971205000000.0,100,0,0,1
39186,20181214,MA2,100,0,100,38343,100,33,100,0,100,0,100,0,100,30,100,795,100,0,100,0,88,12,100,30,100,23,100,0,100,1256,81,0,100,7296546,100,989345,100,971111000000.0,100,0,0,1
55349,20180813,MA2,100,0,100,36308,100,19,100,0,100,0,100,0,100,8,100,0,100,0,100,0,87,13,100,8,100,24,100,0,100,0,78,0,100,5360687,100,333300,100,928235000000.0,100,0,0,1
55349,20180812,MA2,100,0,100,36284,100,19,100,0,100,0,100,0,100,8,100,0,100,0,100,0,87,13,100,8,100,24,100,0,100,0,78,0,100,5357449,100,333292,100,928141000000.0,100,0,0,1
55349,20180811,MA2,100,0,100,36260,100,19,100,0,100,0,100,0,100,8,100,0,100,0,100,0,87,13,100,8,100,24,100,0,100,0,78,0,100,5354602,100,333281,100,928047000000.0,100,0,0,1
55349,20180810,MA2,100,0,100,36236,100,19,100,0,100,0,100,0,100,8,100,0,100,0,100,0,87,13,100,8,100,24,100,0,100,0,78,0,100,5351843,100,333273,100,927954000000.0,100,0,0,1
89404,20180603,MA2,73,2042,100,34606,100,18,81,0,1,10220,93,446,100,7,100,0,100,0,100,0,87,13,100,7,100,24,100,2,100,0,69,0,100,7673368,100,316007,100,885220000000.0,79,0,0,1
89404,20180602,MA2,73,2042,100,34582,100,18,81,0,1,10220,93,446,100,7,100,0,100,0,100,0,87,13,100,7,100,24,100,2,100,0,69,0,100,7658137,100,314427,100,885126000000.0,79,0,0,1
89404,20180601,MA2,73,2042,100,34558,100,18,81,0,1,10220,93,446,100,7,100,0,100,0,100,0,87,13,100,7,100,24,100,2,100,0,69,0,100,7642687,100,312881,100,885032000000.0,79,0,0,1
89404,20180531,MA2,73,2042,100,34534,100,18,81,0,1,10220,93,446,100,7,100,0,100,0,100,0,87,13,100,7,100,24,100,2,100,0,69,0,100,7626488,100,311428,100,884938000000.0,79,0,0,1
89404,20180530,MA2,73,2042,100,34510,100,18,81,0,1,10220,93,446,100,7,100,0,100,0,100,0,87,13,100,7,100,24,100,2,100,0,70,0,100,7610172,100,310903,100,884844000000.0,79,0,0,1
118747,20190102,MA2,100,0,100,41086,100,14,100,0,100,0,100,0,100,11,100,0,100,0,100,0,85,15,100,11,100,26,100,0,100,0,59,0,100,16958058,100,11728846,100,1052290000000.0,100,0,0,1
118747,20190101,MA2,100,0,100,41062,100,14,100,0,100,0,100,0,100,11,100,0,100,0,100,0,85,15,100,11,100,26,100,0,100,0,59,0,100,16923096,100,11720376,100,1048560000000.0,100,0,0,1
93538,20180815,MA2,100,0,100,36209,100,20,100,0,100,0,100,0,100,6,100,9,100,0,100,0,88,12,100,6,100,23,100,0,100,0,83,0,100,5596196,100,380388,100,923562000000.0,100,0,0,1
93538,20180813,MA2,100,0,100,36161,100,19,100,0,100,0,100,0,100,5,100,0,100,0,100,0,88,12,100,5,100,23,100,0,100,0,83,0,100,5594171,100,378562,100,923996000000.0,100,0,0,1
93538,20180812,MA2,100,0,100,36137,100,19,100,0,100,0,100,0,100,5,100,0,100,0,100,0,88,12,100,5,100,23,100,0,100,0,83,0,100,5590404,100,378506,100,923902000000.0,100,0,0,1
93538,20180811,MA2,100,0,100,36113,100,19,100,0,100,0,100,0,100,5,100,0,100,0,100,0,88,12,100,5,100,23,100,0,100,0,83,0,100,5587388,100,378477,100,923808000000.0,100,0,0,1
93538,20180810,MA2,100,0,100,36089,100,19,100,0,100,0,100,0,100,5,100,0,100,0,100,0,88,12,100,5,100,23,100,0,100,0,83,0,100,5583943,100,378431,100,923714000000.0,100,0,0,1
65271,20190428,MA2,100,2,100,42478,100,17,99,0,100,2,100,0,100,6,100,0,100,0,100,0,88,12,100,6,100,23,100,0,100,0,70,0,100,9635089,100,207954,100,1086990000000.0,99,0,0,1
65271,20190427,MA2,100,2,100,42454,100,17,99,0,100,2,100,0,100,6,100,0,100,0,100,0,88,12,100,6,100,23,100,0,100,0,70,0,100,9634738,100,207954,100,1086900000000.0,99,0,0,1
65271,20190426,MA2,100,2,100,42430,100,17,99,0,100,2,100,0,100,6,100,0,100,0,100,0,88,12,100,6,100,23,100,0,100,0,70,0,100,9634369,100,207954,100,1086810000000.0,99,0,0,1
65271,20190425,MA2,100,2,100,42406,100,17,99,0,100,2,100,0,100,6,100,0,100,0,100,0,88,12,100,6,100,23,100,0,100,0,70,0,100,9634026,100,207954,100,1086710000000.0,99,0,0,1
65271,20190424,MA2,100,2,100,42382,100,17,99,0,100,2,100,0,100,6,100,0,100,0,100,0,88,12,100,6,100,23,100,0,100,0,70,0,100,9633671,100,207954,100,1082980000000.0,99,0,0,1
65271,20190423,MA2,100,2,100,42359,100,17,99,0,100,2,100,0,100,6,100,0,100,0,100,0,88,12,100,6,100,23,100,0,100,0,70,0,100,9633316,100,207954,100,1082890000000.0,99,0,0,1
32,20180507,MA2,100,0,100,33962,100,18,100,0,100,0,100,0,100,7,100,0,100,0,100,0,88,12,100,7,100,23,100,0,100,0,71,0,100,10729751,100,475159,100,868151000000.0,100,0,0,1
32,20180506,MA2,100,0,100,33938,100,18,100,0,100,0,100,0,100,7,100,0,100,0,100,0,87,13,100,7,100,24,100,0,100,0,71,0,100,10726086,100,472686,100,868057000000.0,100,0,0,1
32,20180505,MA2,100,0,100,33914,100,18,100,0,100,0,100,0,100,7,100,0,100,0,100,0,87,13,100,7,100,24,100,0,100,0,71,0,100,10719832,100,469521,100,867963000000.0,100,0,0,1
32,20180504,MA2,100,0,100,33890,100,18,100,0,100,0,100,0,100,7,100,0,100,0,100,0,87,13,100,7,100,24,100,0,100,0,71,0,100,10713504,100,466412,100,867869000000.0,100,0,0,1
32,20180502,MA2,100,0,100,33842,100,18,100,0,100,0,100,0,100,7,100,0,100,0,100,0,87,13,100,7,100,24,100,0,100,0,71,0,100,10699951,100,459856,100,867681000000.0,100,0,0,1
32,20180501,MA2,100,0,100,33818,100,18,100,0,100,0,100,0,100,7,100,0,100,0,100,0,87,13,100,7,100,24,100,0,100,0,71,0,100,10693343,100,456708,100,867587000000.0,100,0,0,1
90136,20180522,MA2,100,0,100,34347,100,20,100,0,100,0,100,0,100,7,100,0,100,0,100,0,87,13,100,7,100,24,100,0,100,0,78,0,100,5408844,100,1289662,100,880517000000.0,100,0,0,1
90136,20180521,MA2,100,0,100,34323,100,20,100,0,100,0,100,0,100,7,100,0,100,0,100,0,87,13,100,7,100,24,100,0,100,0,79,0,100,5400878,100,1289092,100,876788000000.0,100,0,0,1
90136,20180520,MA2,100,0,100,34299,100,20,100,0,100,0,100,0,100,7,100,0,100,0,100,0,87,13,100,7,100,24,100,0,100,0,79,0,100,5392422,100,1288557,100,876694000000.0,100,0,0,1
90136,20180519,MA2,100,0,100,34275,100,20,100,0,100,0,100,0,100,7,100,0,100,0,100,0,87,13,100,7,100,24,100,0,100,0,79,0,100,5386871,100,1288413,100,876600000000.0,100,0,0,1
90136,20180518,MA2,100,0,100,34251,100,20,100,0,100,0,100,0,100,7,100,0,100,0,100,0,87,13,100,7,100,24,100,0,100,0,79,0,100,5379891,100,1288147,100,876506000000.0,100,0,0,1
90136,20180517,MA2,100,0,100,34227,100,20,100,0,100,0,100,0,100,7,100,0,100,0,100,0,87,13,100,7,100,24,100,0,100,0,79,0,100,5371849,100,1287903,100,876412000000.0,100,0,0,1
90136,20180516,MA2,100,0,100,34203,100,20,100,0,100,0,100,0,100,7,100,0,100,0,100,0,87,13,100,7,100,24,100,0,100,0,79,0,100,5364427,100,1286810,100,876318000000.0,100,0,0,1
90870,20180613,MA2,100,0,100,34877,100,20,100,0,100,0,100,0,100,6,100,0,100,0,100,0,88,12,100,6,100,23,100,0,100,0,85,0,100,4622832,100,20518289,100,893502000000.0,100,0,0,1
90870,20180612,MA2,100,0,100,34853,100,20,100,0,100,0,100,0,100,6,100,0,100,0,100,0,88,12,100,6,100,23,100,0,100,0,85,0,100,4618652,100,20518148,100,893408000000.0,100,0,0,1
90870,20180611,MA2,100,0,100,34829,100,20,100,0,100,0,100,0,100,6,100,0,100,0,100,0,88,12,100,6,100,23,100,0,100,0,85,0,100,4614491,100,20517945,100,889680000000.0,100,0,0,1
90870,20180610,MA2,100,0,100,34805,100,20,100,0,100,0,100,0,100,6,100,0,100,0,100,0,88,12,100,6,100,23,100,0,100,0,85,0,100,4609719,100,20517890,100,889586000000.0,100,0,0,1
90870,20180609,MA2,100,0,100,34781,100,20,100,0,100,0,100,0,100,6,100,0,100,0,100,0,88,12,100,6,100,23,100,0,100,0,85,0,100,4605468,100,20517846,100,889492000000.0,100,0,0,1
90870,20180608,MA2,100,0,100,34757,100,20,100,0,100,0,100,0,100,6,100,0,100,0,100,0,88,12,100,6,100,23,100,0,100,0,85,0,100,4600967,100,20517812,100,889398000000.0,100,0,0,1
54424,20180123,MA2,100,0,100,31489,100,17,100,0,100,0,100,0,100,6,100,0,100,0,100,0,88,12,100,6,100,23,100,0,100,0,82,0,100,6904870,100,2693864,100,807564000000.0,100,0,0,1
54424,20180122,MA2,100,0,100,31465,100,17,100,0,100,0,100,0,100,6,100,0,100,0,100,0,88,12,100,6,100,23,100,0,100,0,82,0,100,6889984,100,2692915,100,807470000000.0,100,0,0,1
54424,20180121,MA2,100,0,100,31441,100,17,100,0,100,0,100,0,100,6,100,0,100,0,100,0,88,12,100,6,100,23,100,0,100,0,82,0,100,6875857,100,2691616,100,803742000000.0,100,0,0,1
54424,20180120,MA2,100,0,100,31417,100,17,100,0,100,0,100,0,100,6,100,0,100,0,100,0,87,13,100,6,100,24,100,0,100,0,82,0,100,6867027,100,2691238,100,803648000000.0,100,0,0,1
54424,20180119,MA2,100,0,100,31393,100,17,100,0,100,0,100,0,100,6,100,0,100,0,100,0,87,13,100,6,100,24,100,0,100,0,82,0,100,6857316,100,2690837,100,803554000000.0,100,0,0,1
54424,20180118,MA2,100,0,100,31369,100,17,100,0,100,0,100,0,100,6,100,0,100,0,100,0,87,13,100,6,100,24,100,0,100,0,82,0,100,6846701,100,2689922,100,803460000000.0,100,0,0,1
67228,20180717,MA2,100,0,100,35686,100,19,100,0,100,0,100,0,100,5,100,0,100,0,100,0,87,13,100,5,100,24,100,0,100,0,84,0,100,4518518,100,4408412,100,914854000000.0,100,0,0,1
67228,20180716,MA2,100,0,100,35662,100,19,100,0,100,0,100,0,100,5,100,0,100,0,100,0,87,13,100,5,100,24,100,0,100,0,84,0,100,4515389,100,4408405,100,911126000000.0,100,0,0,1
67228,20180715,MA2,100,0,100,35638,100,19,100,0,100,0,100,0,100,5,100,0,100,0,100,0,87,13,100,5,100,24,100,0,100,0,84,0,100,4512344,100,4408400,100,911032000000.0,100,0,0,1
67228,20180714,MA2,100,0,100,35615,100,19,100,0,100,0,100,0,100,5,100,0,100,0,100,0,87,13,100,5,100,24,100,0,100,0,84,0,100,4509359,100,4408341,100,910938000000.0,100,0,0,1
67228,20180713,MA2,100,0,100,35591,100,19,100,0,100,0,100,0,100,5,100,0,100,0,100,0,87,13,100,5,100,24,100,0,100,0,84,0,100,4506031,100,4408316,100,910844000000.0,100,0,0,1
67228,20180712,MA2,100,0,100,35567,100,19,100,0,100,0,100,0,100,5,100,0,100,0,100,0,87,13,100,5,100,24,100,0,100,0,84,0,100,4502586,100,4408293,100,910750000000.0,100,0,0,1
85394,20181120,MA2,100,0,100,39988,100,14,100,0,100,0,100,0,100,11,100,0,100,0,100,0,87,13,100,11,100,24,100,0,100,0,74,0,100,9234770,100,2636842,100,1022480000000.0,100,0,0,1
85394,20181119,MA2,100,0,100,39964,100,14,100,0,100,0,100,0,100,11,100,0,100,0,100,0,87,13,100,11,100,24,100,0,100,0,74,0,100,9233069,100,2636841,100,1022390000000.0,100,0,0,1
85394,20181118,MA2,100,0,100,39940,100,14,100,0,100,0,100,0,100,11,100,0,100,0,100,0,87,13,100,11,100,24,100,0,100,0,74,0,100,9231380,100,2636840,100,1022300000000.0,100,0,0,1
85394,20181117,MA2,100,0,100,39917,100,14,100,0,100,0,100,0,100,11,100,0,100,0,100,0,86,14,100,11,100,25,100,0,100,0,74,0,100,9229671,100,2636832,100,1018570000000.0,100,0,0,1
85394,20181116,MA2,100,0,100,39893,100,14,100,0,100,0,100,0,100,11,100,0,100,0,100,0,84,16,100,11,100,27,100,0,100,0,74,0,100,9227948,100,2636831,100,1018470000000.0,100,0,0,1
85394,20181115,MA2,100,0,100,39869,100,14,100,0,100,0,100,0,100,11,100,0,100,0,100,0,86,14,100,11,100,25,100,0,100,0,74,0,100,9226219,100,2636831,100,1018380000000.0,100,0,0,1
114265,20181113,MA2,100,0,100,39825,100,16,100,0,100,0,100,0,100,13,100,0,100,0,100,0,86,14,100,13,100,25,100,0,100,0,67,0,100,11141281,100,11702614,100,1018000000000.0,100,0,0,1
114265,20181108,MA2,100,0,100,39706,100,16,100,0,100,0,100,0,100,13,100,0,100,0,100,0,86,14,100,13,100,25,100,0,100,0,67,0,100,11092516,100,11702592,100,1013900000000.0,100,0,0,1
49000,20180507,MA2,100,0,100,35296,100,14,100,0,100,0,100,0,100,11,100,0,100,0,100,0,86,14,100,11,100,25,100,0,100,0,35,0,100,22960417,100,20501288,100,902274000000.0,100,0,0,1
49000,20180506,MA2,100,0,100,35272,100,14,100,0,100,0,100,0,100,11,100,0,100,0,100,0,86,14,100,11,100,25,100,0,100,0,35,0,100,22955380,100,20501204,100,902180000000.0,100,0,0,1
49000,20180505,MA2,100,0,100,35248,100,14,100,0,100,0,100,0,100,11,100,0,100,0,100,0,86,14,100,11,100,25,100,0,100,0,35,0,100,22950562,100,20501161,100,902086000000.0,100,0,0,1
49000,20180504,MA2,100,0,100,35224,100,14,100,0,100,0,100,0,100,11,100,0,100,0,100,0,86,14,100,11,100,25,100,0,100,0,35,0,100,22945723,100,20501123,100,901992000000.0,100,0,0,1
49000,20180503,MA2,100,0,100,35200,100,14,100,0,100,0,100,0,100,11,100,0,100,0,100,0,86,14,100,11,100,25,100,0,100,0,35,0,100,22940793,100,20501081,100,898264000000.0,100,0,0,1
49000,20180502,MA2,100,0,100,35176,100,14,100,0,100,0,100,0,100,11,100,0,100,0,100,0,86,14,100,11,100,25,100,0,100,0,35,0,100,22935874,100,20501046,100,898170000000.0,100,0,0,1
65987,20180506,MA2,100,0,100,35264,100,17,100,0,100,0,100,0,100,14,100,0,100,0,100,0,86,14,100,14,100,25,100,0,100,0,70,0,100,10326599,100,4082070,100,902135000000.0,100,0,0,1
65987,20180505,MA2,100,0,100,35240,100,17,100,0,100,0,100,0,100,14,100,0,100,0,100,0,86,14,100,14,100,25,100,0,100,0,70,0,100,10315656,100,4081865,100,902041000000.0,100,0,0,1
65987,20180504,MA2,100,0,100,35216,100,17,100,0,100,0,100,0,100,14,100,0,100,0,100,0,86,14,100,14,100,25,100,0,100,0,70,0,100,10304489,100,4081715,100,901948000000.0,100,0,0,1
65987,20180503,MA2,100,0,100,35192,100,17,100,0,100,0,100,0,100,14,100,0,100,0,100,0,86,14,100,14,100,25,100,0,100,0,70,0,100,10292765,100,4081550,100,898219000000.0,100,0,0,1
65987,20180502,MA2,100,0,100,35169,100,17,100,0,100,0,100,0,100,14,100,0,100,0,100,0,86,14,100,14,100,25,100,0,100,0,70,0,100,10281562,100,4081381,100,898125000000.0,100,0,0,1
99410,20180918,MA2,100,0,100,37417,100,15,100,0,100,0,100,0,100,12,100,0,100,0,100,0,86,14,100,12,100,25,100,0,100,0,91,0,100,3364652,100,455742,100,954071000000.0,100,0,0,1
99410,20180917,MA2,100,0,100,37393,100,15,100,0,100,0,100,0,100,12,100,0,100,0,100,0,86,14,100,12,100,25,100,0,100,0,91,0,100,3362546,100,455740,100,953977000000.0,100,0,0,1
99410,20180916,MA2,100,0,100,37369,100,15,100,0,100,0,100,0,100,12,100,0,100,0,100,0,86,14,100,12,100,25,100,0,100,0,91,0,100,3360462,100,455739,100,953883000000.0,100,0,0,1
99410,20180915,MA2,100,0,100,37345,100,15,100,0,100,0,100,0,100,12,100,0,100,0,100,0,86,14,100,12,100,25,100,0,100,0,91,0,100,3358364,100,455721,100,953789000000.0,100,0,0,1
99410,20180914,MA2,100,0,100,37322,100,15,100,0,100,0,100,0,100,12,100,0,100,0,100,0,86,14,100,12,100,25,100,0,100,0,91,0,100,3356268,100,455720,100,953695000000.0,100,0,0,1
99410,20180913,MA2,100,0,100,37298,100,15,100,0,100,0,100,0,100,12,100,0,100,0,100,0,86,14,100,12,100,25,100,0,100,0,91,0,100,3354178,100,455718,100,953601000000.0,100,0,0,1
52231,20180813,MA2,99,1,100,36580,100,13,99,0,100,0,100,0,100,10,100,0,100,0,100,0,86,14,100,10,100,25,100,0,100,0,34,0,100,22870892,100,7447427,100,932587000000.0,99,0,0,1
52231,20180812,MA2,99,1,100,36556,100,13,99,0,100,0,100,0,100,10,100,0,100,0,100,0,86,14,100,10,100,25,100,0,100,0,34,0,100,22867051,100,7447426,100,932493000000.0,99,0,0,1
52231,20180811,MA2,99,1,100,36532,100,13,99,0,100,0,100,0,100,10,100,0,100,0,100,0,86,14,100,10,100,25,100,0,100,0,34,0,100,22863296,100,7447423,100,932399000000.0,99,0,0,1
52231,20180810,MA2,99,1,100,36508,100,13,99,0,100,0,100,0,100,10,100,0,100,0,100,0,86,14,100,10,100,25,100,0,100,0,34,0,100,22859278,100,7447419,100,932305000000.0,99,0,0,1
52231,20180809,MA2,99,1,100,36484,100,13,99,0,100,0,100,0,100,10,100,0,100,0,100,0,86,14,100,10,100,25,100,0,100,0,34,0,100,22854935,100,7447418,100,932211000000.0,99,0,0,1
52231,20180808,MA2,99,1,100,36460,100,13,99,0,100,0,100,0,100,10,100,0,100,0,100,0,86,14,100,10,100,25,100,0,100,0,34,0,100,22848971,100,7447415,100,932117000000.0,99,0,0,1
17160,20180612,MA2,100,0,100,34839,100,33,100,0,100,0,100,0,100,19,100,0,100,0,100,0,86,14,100,19,100,25,100,0,100,0,76,0,100,6838415,100,1932311,100,889081000000.0,100,0,0,1
17160,20180611,MA2,100,0,100,34815,100,33,100,0,100,0,100,0,100,19,100,0,100,0,100,0,87,13,100,19,100,24,100,0,100,0,76,0,100,6825686,100,1932100,100,885352000000.0,100,0,0,1
17160,20180610,MA2,100,0,100,34792,100,33,100,0,100,0,100,0,100,19,100,0,100,0,100,0,87,13,100,19,100,24,100,0,100,0,76,0,100,6819910,100,1932078,100,885258000000.0,100,0,0,1
17160,20180609,MA2,100,0,100,34768,100,33,100,0,100,0,100,0,100,19,100,0,100,0,100,0,87,13,100,19,100,24,100,0,100,0,76,0,100,6814695,100,1932028,100,885164000000.0,100,0,0,1
17160,20180608,MA2,100,0,100,34744,100,33,100,0,100,0,100,0,100,19,100,0,100,0,100,0,87,13,100,19,100,24,100,0,100,0,76,0,100,6809535,100,1932018,100,885070000000.0,100,0,0,1
17160,20180607,MA2,100,0,100,34720,100,33,100,0,100,0,100,0,100,19,100,0,100,0,100,0,88,12,100,19,100,23,100,0,100,0,76,0,100,6803382,100,1931969,100,884977000000.0,100,0,0,1
17160,20180606,MA2,100,0,100,34696,100,33,100,0,100,0,100,0,100,19,100,0,100,0,100,0,87,13,100,19,100,24,100,0,100,0,76,0,100,6796286,100,1931933,100,884883000000.0,100,0,0,1
97662,20180427,MA2,100,0,100,33735,100,20,100,0,100,0,100,0,100,6,100,0,100,0,100,0,87,13,100,6,100,24,100,0,100,0,85,0,100,4267322,100,606321,100,863567000000.0,100,0,0,1
97662,20180426,MA2,100,0,100,33711,100,20,100,0,100,0,100,0,100,6,100,0,100,0,100,0,87,13,100,6,100,24,100,0,100,0,85,0,100,4261039,100,606213,100,863473000000.0,100,0,0,1
97662,20180425,MA2,100,0,100,33687,100,20,100,0,100,0,100,0,100,6,100,0,100,0,100,0,87,13,100,6,100,24,100,0,100,0,85,0,100,4254182,100,606069,100,863379000000.0,100,0,0,1
97662,20180424,MA2,100,0,100,33663,100,20,100,0,100,0,100,0,100,6,100,0,100,0,100,0,87,13,100,6,100,24,100,0,100,0,85,0,100,4247483,100,605872,100,859651000000.0,100,0,0,1
97662,20180423,MA2,100,0,100,33639,100,20,100,0,100,0,100,0,100,6,100,0,100,0,100,0,87,13,100,6,100,24,100,0,100,0,85,0,100,4241179,100,605740,100,859557000000.0,100,0,0,1
97662,20180422,MA2,100,0,100,33615,100,20,100,0,100,0,100,0,100,6,100,0,100,0,100,0,87,13,100,6,100,24,100,0,100,0,85,0,100,4234884,100,605617,100,859463000000.0,100,0,0,1
6352,20180904,MA2,100,0,100,36989,100,24,100,0,100,0,100,0,100,21,100,0,100,0,100,0,86,14,100,21,100,25,100,0,100,0,90,0,100,3619438,100,468875,100,945489000000.0,100,0,0,1
6352,20180903,MA2,100,0,100,36965,100,24,100,0,100,0,100,0,100,21,100,0,100,0,100,0,87,13,100,21,100,24,100,0,100,0,90,0,100,3618602,100,468854,100,945395000000.0,100,0,0,1
6352,20180902,MA2,100,0,100,36942,100,24,100,0,100,0,100,0,100,21,100,0,100,0,100,0,86,14,100,21,100,25,100,0,100,0,90,0,100,3617775,100,468808,100,945301000000.0,100,0,0,1
6352,20180901,MA2,100,0,100,36918,100,24,100,0,100,0,100,0,100,21,100,0,100,0,100,0,87,13,100,21,100,24,100,0,100,0,90,0,100,3616893,100,468737,100,945207000000.0,100,0,0,1
6352,20180830,MA2,100,0,100,36870,100,24,100,0,100,0,100,0,100,21,100,0,100,0,100,0,83,17,100,21,100,28,100,0,100,0,90,0,100,3614824,100,468451,100,945019000000.0,100,0,0,1
68776,20180812,MA2,100,0,100,36140,100,19,100,0,100,0,100,0,100,5,100,0,100,0,100,0,86,14,100,5,100,25,100,0,100,0,67,0,100,7293296,100,217644,100,923763000000.0,100,0,0,1
68776,20180811,MA2,100,0,100,36116,100,19,100,0,100,0,100,0,100,5,100,0,100,0,100,0,86,14,100,5,100,25,100,0,100,0,67,0,100,7290702,100,217611,100,923669000000.0,100,0,0,1
68776,20180810,MA2,100,0,100,36092,100,19,100,0,100,0,100,0,100,5,100,0,100,0,100,0,86,14,100,5,100,25,100,0,100,0,67,0,100,7288097,100,217608,100,923575000000.0,100,0,0,1
68776,20180809,MA2,100,0,100,36068,100,19,100,0,100,0,100,0,100,5,100,0,100,0,100,0,85,15,100,5,100,26,100,0,100,0,67,0,100,7276834,100,217462,100,923481000000.0,100,0,0,1
68776,20180808,MA2,100,0,100,36044,100,19,100,0,100,0,100,0,100,5,100,0,100,0,100,0,86,14,100,5,100,25,100,0,100,0,67,0,100,7265303,100,217311,100,919753000000.0,100,0,0,1
68776,20180807,MA2,100,0,100,36020,100,19,100,0,100,0,100,0,100,5,100,0,100,0,100,0,86,14,100,5,100,25,100,0,100,0,67,0,100,7253578,100,217166,100,919659000000.0,100,0,0,1
45627,20181217,MA2,99,2,100,39588,100,12,99,0,100,4,100,0,100,9,100,0,100,0,100,0,89,11,100,9,100,22,100,0,100,0,17,0,100,27235247,100,5765275,100,1009850000000.0,99,0,0,1
45627,20181216,MA2,99,2,100,39564,100,12,99,0,100,4,100,0,100,9,100,0,100,0,100,0,87,13,100,9,100,24,100,0,100,0,17,0,100,27232232,100,5765274,100,1009760000000.0,99,0,0,1
45627,20181215,MA2,99,2,100,39540,100,12,99,0,100,4,100,0,100,9,100,0,100,0,100,0,87,13,100,9,100,24,100,0,100,0,17,0,100,27229214,100,5765272,100,1009660000000.0,99,0,0,1
45627,20181214,MA2,99,2,100,39516,100,12,99,0,100,4,100,0,100,9,100,0,100,0,100,0,86,14,100,9,100,25,100,0,100,0,17,0,100,27226205,100,5765271,100,1009570000000.0,99,0,0,1
45627,20181213,MA2,99,2,100,39492,100,12,99,0,100,4,100,0,100,9,100,0,100,0,100,0,87,13,100,9,100,24,100,0,100,0,17,0,100,27223208,100,5765270,100,1009480000000.0,99,0,0,1
45627,20181212,MA2,99,2,100,39468,100,12,99,0,100,4,100,0,100,9,100,0,100,0,100,0,86,14,100,9,100,25,100,0,100,0,17,0,100,27220120,100,5765269,100,1009380000000.0,99,0,0,1
97986,20180503,MA2,100,0,100,33871,100,19,100,0,100,0,100,0,100,9,100,1,100,0,100,0,88,12,100,9,100,23,100,0,100,0,79,0,100,7765306,100,10544846,100,867775000000.0,100,0,0,1
97986,20180502,MA2,100,0,100,33847,100,19,100,0,100,0,100,0,100,9,100,0,100,0,100,0,87,13,100,9,100,24,100,0,100,0,79,0,100,7757462,100,10544791,100,867681000000.0,100,0,0,1
97986,20180501,MA2,100,0,100,33824,100,19,100,0,100,0,100,0,100,9,100,0,100,0,100,0,87,13,100,9,100,24,100,0,100,0,79,0,100,7749321,100,10544214,100,867587000000.0,100,0,0,1
97986,20180430,MA2,100,0,100,33800,100,19,100,0,100,0,100,0,100,9,100,0,100,0,100,0,87,13,100,9,100,24,100,0,100,0,79,0,100,7743043,100,10544193,100,863858000000.0,100,0,0,1
97986,20180429,MA2,100,0,100,33776,100,19,100,0,100,0,100,0,100,9,100,0,100,0,100,0,87,13,100,9,100,24,100,0,100,0,79,0,100,7736598,100,10544168,100,863764000000.0,100,0,0,1
97986,20180428,MA2,100,0,100,33752,100,19,100,0,100,0,100,0,100,9,100,0,100,0,100,0,88,12,100,9,100,23,100,0,100,0,79,0,100,7730131,100,10544122,100,863671000000.0,100,0,0,1
101272,20180812,MA2,100,0,100,36283,100,21,100,0,100,0,100,0,100,10,100,0,100,0,100,0,87,13,100,10,100,24,100,0,100,0,82,0,100,5172107,100,274508,100,928136000000.0,100,0,0,1
101272,20180811,MA2,100,0,100,36259,100,21,100,0,100,0,100,0,100,10,100,0,100,0,100,0,87,13,100,10,100,24,100,0,100,0,82,0,100,5166467,100,274484,100,928042000000.0,100,0,0,1
101272,20180810,MA2,100,0,100,36235,100,21,100,0,100,0,100,0,100,10,100,0,100,0,100,0,87,13,100,10,100,24,100,0,100,0,82,0,100,5160764,100,274479,100,927948000000.0,100,0,0,1
101272,20180809,MA2,100,0,100,36211,100,21,100,0,100,0,100,0,100,10,100,0,100,0,100,0,87,13,100,10,100,24,100,0,100,0,82,0,100,5151783,100,274378,100,927854000000.0,100,0,0,1
101272,20180808,MA2,100,0,100,36187,100,21,100,0,100,0,100,0,100,10,100,0,100,0,100,0,88,12,100,10,100,23,100,0,100,0,82,0,100,5142871,100,273738,100,927760000000.0,100,0,0,1
101272,20180807,MA2,100,0,100,36163,100,21,100,0,100,0,100,0,100,10,100,0,100,0,100,0,87,13,100,10,100,24,100,0,100,0,82,0,100,5133991,100,273643,100,924032000000.0,100,0,0,1
