disk_id,ds,model,n_5,r_5,n_9,r_9,n_12,r_12,n_177,r_177,n_180,r_180,n_181,r_181,n_182,r_182,n_183,r_183,n_184,r_184,n_187,r_187,n_190,r_190,n_195,r_195,n_197,r_197,n_199,r_199,n_241,r_241,n_242,r_242,n_244,r_244,n_245,r_245,is_null,is_broken
9609,20180704,MB2,100,0,95,20348,99,13,99,368,100,15269,100,0,100,0,100,0,100,0,100,0,68,32,200,0,100,0,100,0,99,948932000000.0,99,386650000000.0,100,0,100,65535,0,1
9609,20180703,MB2,100,0,95,20324,99,13,99,368,100,15269,100,0,100,0,100,0,100,0,100,0,68,32,200,0,100,0,100,0,99,948932000000.0,99,386650000000.0,100,0,100,65535,0,1
9609,20180702,MB2,100,0,95,20300,99,13,99,368,100,15269,100,0,100,0,100,0,100,0,100,0,68,32,200,0,100,0,100,0,99,948932000000.0,99,386650000000.0,100,0,100,65535,0,1
9609,20180701,MB2,100,0,95,20276,99,13,99,368,100,15269,100,0,100,0,100,0,100,0,100,0,68,32,200,0,100,0,100,0,99,948932000000.0,99,386650000000.0,100,0,100,65535,0,1
9609,20180630,MB2,100,0,95,20252,99,13,99,368,100,15269,100,0,100,0,100,0,100,0,100,0,68,32,200,0,100,0,100,0,99,948932000000.0,99,386650000000.0,100,0,100,65535,0,1
9609,20180629,MB2,100,0,95,20228,99,13,99,368,100,15269,100,0,100,0,100,0,100,0,100,0,68,32,200,0,100,0,100,0,99,948932000000.0,99,386650000000.0,100,0,100,65535,0,1
9609,20180628,MB2,100,0,95,20204,99,13,99,368,100,15269,100,0,100,0,100,0,100,0,100,0,68,32,200,0,100,0,100,0,99,948932000000.0,99,386650000000.0,100,0,100,65535,0,1
26726,20180429,MB2,100,0,96,20017,99,17,99,18,100,15329,100,0,100,0,100,0,100,0,100,0,70,30,200,0,100,0,100,0,99,38339106358.0,99,4821897344.0,100,0,100,65535,0,1
26726,20180427,MB2,100,0,96,19969,99,17,99,17,100,15329,100,0,100,0,100,0,100,0,100,0,71,29,200,0,100,0,100,0,99,36879719854.0,99,4735097294.0,100,0,100,65535,0,1
26726,20180426,MB2,100,0,96,19945,99,17,99,17,100,15329,100,0,100,0,100,0,100,0,100,0,71,29,200,0,100,0,100,0,99,34998957974.0,99,4646144086.0,100,0,100,65535,0,1
26726,20180425,MB2,100,0,96,19921,99,17,99,16,100,15329,100,0,100,0,100,0,100,0,100,0,71,29,200,0,100,0,100,0,99,34394591182.0,99,4615489590.0,100,0,100,65535,0,1
26726,20180424,MB2,100,0,96,19897,99,17,99,16,100,15329,100,0,100,0,100,0,100,0,100,0,71,29,200,0,100,0,100,0,99,33481437686.0,99,4359519278.0,100,0,100,65535,0,1
26726,20180423,MB2,100,0,96,19873,99,17,99,13,100,15329,100,0,100,0,100,0,100,0,100,0,66,34,200,0,100,0,100,0,99,21936557726.0,99,3639996542.0,100,0,100,65535,0,1
42374,20181203,MB2,100,0,95,20675,99,32,99,18,100,15316,100,0,100,0,100,0,100,0,100,0,72,28,200,0,100,0,100,0,99,63171288730.0,99,24445375522.0,100,0,100,65535,0,1
42374,20181202,MB2,100,0,95,20651,99,32,99,18,100,15316,100,0,100,0,100,0,100,0,100,0,71,29,200,0,100,0,100,0,99,63117714674.0,99,24445372090.0,100,0,100,65535,0,1
42374,20181201,MB2,100,0,95,20627,99,32,99,18,100,15316,100,0,100,0,100,0,100,0,100,0,71,29,200,0,100,0,100,0,99,63064361882.0,99,24445368618.0,100,0,100,65535,0,1
42374,20181130,MB2,100,0,95,20603,99,32,99,18,100,15316,100,0,100,0,100,0,100,0,100,0,72,28,200,0,100,0,100,0,99,63010041866.0,99,24445365082.0,100,0,100,65535,0,1
42374,20181129,MB2,100,0,95,20579,99,32,99,18,100,15316,100,0,100,0,100,0,100,0,100,0,72,28,200,0,100,0,100,0,99,62954865522.0,99,24445361522.0,100,0,100,65535,0,1
48687,20190909,MB2,100,0,94,28619,99,343,99,41,100,15322,100,0,100,0,100,0,100,0,100,0,66,34,200,0,100,0,100,0,99,93597005575.0,99,35161251967.0,100,0,100,65535,0,1
48687,20190908,MB2,100,0,94,28595,99,343,99,41,100,15322,100,0,100,0,100,0,100,0,100,0,66,34,200,0,100,0,100,0,99,93596980231.0,99,35161251967.0,100,0,100,65535,0,1
48687,20190907,MB2,100,0,94,28571,99,343,99,41,100,15322,100,0,100,0,100,0,100,0,100,0,66,34,200,0,100,0,100,0,99,93596954887.0,99,35161251967.0,100,0,100,65535,0,1
48687,20190906,MB2,100,0,94,28547,99,343,99,41,100,15322,100,0,100,0,100,0,100,0,100,0,66,34,200,0,100,0,100,0,99,93596929543.0,99,35161251967.0,100,0,100,65535,0,1
48687,20190905,MB2,100,0,94,28523,99,343,99,41,100,15322,100,0,100,0,100,0,100,0,100,0,66,34,200,0,100,0,100,0,99,93596904199.0,99,35161251967.0,100,0,100,65535,0,1
48687,20190904,MB2,100,0,94,28499,99,343,99,41,100,15322,100,0,100,0,100,0,100,0,100,0,66,34,200,0,100,0,100,0,99,93596878855.0,99,35161251967.0,100,0,100,65535,0,1
38003,20180314,MB2,100,0,96,16659,99,16,99,319,100,15314,100,0,100,0,100,0,100,0,100,0,72,28,200,0,100,0,100,0,99,660375000000.0,99,27732046545.0,100,0,100,65535,0,1
38003,20180313,MB2,100,0,96,16635,99,16,99,318,100,15314,100,0,100,0,100,0,100,0,100,0,72,28,200,0,100,0,100,0,99,658982000000.0,99,27676115025.0,100,0,100,65535,0,1
38003,20180312,MB2,100,0,96,16611,99,16,99,317,100,15314,100,0,100,0,100,0,100,0,100,0,72,28,200,0,100,0,100,0,99,657523000000.0,99,27621487913.0,100,0,100,65535,0,1
38003,20180311,MB2,100,0,96,16587,99,16,99,315,100,15314,100,0,100,0,100,0,100,0,100,0,72,28,200,0,100,0,100,0,99,656059000000.0,99,27587552865.0,100,0,100,65535,0,1
38003,20180310,MB2,100,0,96,16563,99,16,99,314,100,15314,100,0,100,0,100,0,100,0,100,0,71,29,200,0,100,0,100,0,99,654655000000.0,99,27552669929.0,100,0,100,65535,0,1
16597,20190122,MB2,100,0,95,21967,99,72,99,207,100,15310,100,0,100,0,100,0,100,0,100,0,70,30,200,0,100,0,100,0,99,309857000000.0,99,6364550286.0,100,0,100,65535,0,1
16597,20190121,MB2,100,0,95,21943,99,72,99,207,100,15310,100,0,100,0,100,0,100,0,100,0,70,30,200,0,100,0,100,0,99,309251000000.0,99,6355591766.0,100,0,100,65535,0,1
16597,20190120,MB2,100,0,95,21919,99,72,99,206,100,15310,100,0,100,0,100,0,100,0,100,0,70,30,200,0,100,0,100,0,99,308714000000.0,99,6352507070.0,100,0,100,65535,0,1
16597,20190119,MB2,100,0,95,21895,99,72,99,206,100,15310,100,0,100,0,100,0,100,0,100,0,70,30,200,0,100,0,100,0,99,308249000000.0,99,6348102038.0,100,0,100,65535,0,1
16597,20190118,MB2,100,0,95,21871,99,72,99,206,100,15310,100,0,100,0,100,0,100,0,100,0,70,30,200,0,100,0,100,0,99,307764000000.0,99,6344537422.0,100,0,100,65535,0,1
16597,20190117,MB2,100,0,95,21847,99,72,99,205,100,15310,100,0,100,0,100,0,100,0,100,0,70,30,200,0,100,0,100,0,99,307207000000.0,99,6317738718.0,100,0,100,65535,0,1
7393,20180713,MB2,100,0,96,19378,99,17,99,327,100,15301,100,0,100,0,100,0,100,0,100,0,72,28,200,0,100,0,100,0,99,607526000000.0,99,483413000000.0,100,0,100,65535,0,1
7393,20180712,MB2,100,0,96,19354,99,17,99,326,100,15301,100,0,100,0,100,0,100,0,100,0,72,28,200,0,100,0,100,0,99,606483000000.0,99,482631000000.0,100,0,100,65535,0,1
7393,20180711,MB2,100,0,96,19330,99,17,99,326,100,15301,100,0,100,0,100,0,100,0,100,0,72,28,200,0,100,0,100,0,99,605535000000.0,99,481840000000.0,100,0,100,65535,0,1
7393,20180710,MB2,100,0,96,19306,99,17,99,325,100,15301,100,0,100,0,100,0,100,0,100,0,72,28,200,0,100,0,100,0,99,604758000000.0,99,481163000000.0,100,0,100,65535,0,1
7393,20180709,MB2,100,0,96,19282,99,17,99,325,100,15301,100,0,100,0,100,0,100,0,100,0,72,28,200,0,100,0,100,0,99,603941000000.0,99,480387000000.0,100,0,100,65535,0,1
25676,20180626,MB2,100,0,96,18983,99,19,99,123,100,15293,100,0,100,0,100,0,100,0,100,0,72,28,200,0,100,0,99,1,99,248482000000.0,99,100618000000.0,100,0,100,65535,0,1
25676,20180625,MB2,100,0,96,18959,99,19,99,122,100,15293,100,0,100,0,100,0,100,0,100,0,72,28,200,0,100,0,99,1,99,247631000000.0,99,100523000000.0,100,0,100,65535,0,1
25676,20180624,MB2,100,0,96,18935,99,19,99,122,100,15293,100,0,100,0,100,0,100,0,100,0,72,28,200,0,100,0,99,1,99,246840000000.0,99,100492000000.0,100,0,100,65535,0,1
25676,20180623,MB2,100,0,96,18911,99,19,99,121,100,15293,100,0,100,0,100,0,100,0,100,0,72,28,200,0,100,0,99,1,99,246066000000.0,99,100409000000.0,100,0,100,65535,0,1
25676,20180622,MB2,100,0,96,18887,99,19,99,121,100,15293,100,0,100,0,100,0,100,0,100,0,72,28,200,0,100,0,99,1,99,245335000000.0,99,100356000000.0,100,0,100,65535,0,1
17397,20191108,MB2,100,0,94,27750,99,710,96,1250,100,15351,100,0,100,0,100,0,100,0,100,0,66,34,200,0,100,0,100,0,99,1069200000000.0,99,131404000000.0,100,0,100,65535,0,1
17397,20191107,MB2,100,0,94,27726,99,710,96,1249,100,15351,100,0,100,0,100,0,100,0,100,0,67,33,200,0,100,0,100,0,99,1067900000000.0,99,131355000000.0,100,0,100,65535,0,1
17397,20191106,MB2,100,0,94,27702,99,710,96,1247,100,15351,100,0,100,0,100,0,100,0,100,0,66,34,200,0,100,0,100,0,99,1066510000000.0,99,131310000000.0,100,0,100,65535,0,1
17397,20191105,MB2,100,0,94,27678,99,710,96,1246,100,15351,100,0,100,0,100,0,100,0,100,0,67,33,200,0,100,0,100,0,99,1065270000000.0,99,131256000000.0,100,0,100,65535,0,1
17397,20191104,MB2,100,0,94,27654,99,710,96,1244,100,15351,100,0,100,0,100,0,100,0,100,0,67,33,200,0,100,0,100,0,99,1064030000000.0,99,131220000000.0,100,0,100,65535,0,1
988,20190711,MB2,100,0,94,26260,99,197,99,300,100,15272,100,0,100,0,100,0,100,0,100,0,71,29,200,0,100,0,100,0,99,394651000000.0,99,16042016243.0,100,0,100,65535,0,1
988,20190710,MB2,100,0,94,26236,99,197,99,300,100,15272,100,0,100,0,100,0,100,0,100,0,71,29,200,0,100,0,100,0,99,394338000000.0,99,15987477259.0,100,0,100,65535,0,1
988,20190709,MB2,100,0,94,26212,99,197,99,299,100,15272,100,0,100,0,100,0,100,0,100,0,71,29,200,0,100,0,100,0,99,394050000000.0,99,15946152611.0,100,0,100,65535,0,1
988,20190708,MB2,100,0,94,26188,99,197,99,299,100,15272,100,0,100,0,100,0,100,0,100,0,71,29,200,0,100,0,100,0,99,393706000000.0,99,15905224179.0,100,0,100,65535,0,1
988,20190707,MB2,100,0,94,26164,99,197,99,299,100,15272,100,0,100,0,100,0,100,0,100,0,71,29,200,0,100,0,100,0,99,393426000000.0,99,15864882611.0,100,0,100,65535,0,1
988,20190706,MB2,100,0,94,26140,99,197,99,298,100,15272,100,0,100,0,100,0,100,0,100,0,71,29,200,0,100,0,100,0,99,393154000000.0,99,15835857227.0,100,0,100,65535,0,1
15200,20180407,MB2,100,0,96,17068,99,23,99,262,100,15322,100,0,100,0,100,0,100,0,100,0,72,28,200,0,100,0,100,0,99,514168000000.0,99,414373000000.0,100,0,100,65535,0,1
15200,20180406,MB2,100,0,96,17044,99,23,99,262,100,15322,100,0,100,0,100,0,100,0,100,0,72,28,200,0,100,0,100,0,99,513306000000.0,99,413816000000.0,100,0,100,65535,0,1
15200,20180405,MB2,100,0,96,17020,99,23,99,261,100,15322,100,0,100,0,100,0,100,0,100,0,72,28,200,0,100,0,100,0,99,512398000000.0,99,413133000000.0,100,0,100,65535,0,1
15200,20180404,MB2,100,0,96,16996,99,23,99,261,100,15322,100,0,100,0,100,0,100,0,100,0,70,30,200,0,100,0,100,0,99,511500000000.0,99,412511000000.0,100,0,100,65535,0,1
15200,20180403,MB2,100,0,96,16972,99,23,99,260,100,15322,100,0,100,0,100,0,100,0,100,0,72,28,200,0,100,0,100,0,99,510545000000.0,99,411821000000.0,100,0,100,65535,0,1
40798,20190915,MB2,90,1472,94,29584,99,73,99,253,90,13782,100,0,100,0,90,1472,100,0,99,15,73,27,199,15,100,0,99,2,99,554022000000.0,99,756840000000.0,100,0,100,65535,0,1
40798,20190914,MB2,97,434,94,29560,99,73,99,253,97,14820,100,0,100,0,97,434,100,0,99,15,71,29,199,15,100,0,99,2,99,554022000000.0,99,756840000000.0,100,0,100,65535,0,1
40798,20190913,MB2,100,0,94,29536,99,73,99,253,100,15254,100,0,100,0,100,0,100,0,100,0,72,28,200,0,100,0,99,2,99,553639000000.0,99,753687000000.0,100,0,100,65535,0,1
40798,20190912,MB2,100,0,94,29512,99,73,99,252,100,15254,100,0,100,0,100,0,100,0,100,0,73,27,200,0,100,0,99,2,99,552565000000.0,99,751845000000.0,100,0,100,65535,0,1
40798,20190911,MB2,100,0,94,29488,99,73,99,251,100,15254,100,0,100,0,100,0,100,0,100,0,73,27,200,0,100,0,99,2,99,551672000000.0,99,749825000000.0,100,0,100,65535,0,1
40798,20190910,MB2,100,0,94,29464,99,73,99,250,100,15254,100,0,100,0,100,0,100,0,100,0,73,27,200,0,100,0,99,2,99,550706000000.0,99,747891000000.0,100,0,100,65535,0,1
40798,20190909,MB2,100,0,94,29440,99,73,99,250,100,15254,100,0,100,0,100,0,100,0,100,0,73,27,200,0,100,0,99,2,99,549816000000.0,99,746171000000.0,100,0,100,65535,0,1
8299,20190310,MB2,100,0,95,25130,99,20,99,192,100,15351,100,0,100,0,100,0,100,0,100,0,74,26,200,0,100,0,100,0,99,567280000000.0,99,356288000000.0,100,0,100,65535,0,1
8299,20190309,MB2,100,0,95,25106,99,20,99,192,100,15351,100,0,100,0,100,0,100,0,100,0,74,26,200,0,100,0,100,0,99,566802000000.0,99,355935000000.0,100,0,100,65535,0,1
8299,20190308,MB2,100,0,95,25082,99,20,99,192,100,15351,100,0,100,0,100,0,100,0,100,0,74,26,200,0,100,0,100,0,99,566287000000.0,99,355581000000.0,100,0,100,65535,0,1
8299,20190307,MB2,100,0,95,25058,99,20,99,192,100,15351,100,0,100,0,100,0,100,0,100,0,74,26,200,0,100,0,100,0,99,565783000000.0,99,355233000000.0,100,0,100,65535,0,1
8299,20190306,MB2,100,0,95,25034,99,20,99,191,100,15351,100,0,100,0,100,0,100,0,100,0,74,26,200,0,100,0,100,0,99,565278000000.0,99,354879000000.0,100,0,100,65535,0,1
8299,20190305,MB2,100,0,95,25010,99,20,99,191,100,15351,100,0,100,0,100,0,100,0,100,0,74,26,200,0,100,0,100,0,99,564783000000.0,99,354533000000.0,100,0,100,65535,0,1
18466,20180920,MB2,100,0,96,19357,99,40,99,207,100,15307,100,0,100,0,100,0,100,0,100,0,70,30,200,0,100,0,100,0,99,322381000000.0,99,12019050710.0,100,0,100,65535,0,1
18466,20180919,MB2,100,0,96,19333,99,40,99,207,100,15307,100,0,100,0,100,0,100,0,100,0,70,30,200,0,100,0,100,0,99,322350000000.0,99,12019049718.0,100,0,100,65535,0,1
18466,20180918,MB2,100,0,96,19309,99,40,99,207,100,15307,100,0,100,0,100,0,100,0,100,0,69,31,200,0,100,0,100,0,99,322312000000.0,99,12018859638.0,100,0,100,65535,0,1
18466,20180917,MB2,100,0,96,19285,99,40,99,207,100,15307,100,0,100,0,100,0,100,0,100,0,69,31,200,0,100,0,100,0,99,322272000000.0,99,12018851982.0,100,0,100,65535,0,1
18466,20180916,MB2,100,0,96,19261,99,40,99,207,100,15307,100,0,100,0,100,0,100,0,100,0,70,30,200,0,100,0,100,0,99,322232000000.0,99,12018846934.0,100,0,100,65535,0,1
18466,20180915,MB2,100,0,96,19237,99,40,99,207,100,15307,100,0,100,0,100,0,100,0,100,0,70,30,200,0,100,0,100,0,99,322194000000.0,99,12018743470.0,100,0,100,65535,0,1
44882,20180707,MB2,100,0,96,19250,99,22,99,324,100,15344,100,0,100,0,100,0,100,0,100,0,73,27,200,0,100,0,99,1,99,603127000000.0,99,483388000000.0,100,0,100,65535,0,1
44882,20180706,MB2,100,0,96,19226,99,22,99,323,100,15344,100,0,100,0,100,0,100,0,100,0,73,27,200,0,100,0,99,1,99,601988000000.0,99,482480000000.0,100,0,100,65535,0,1
44882,20180705,MB2,100,0,96,19202,99,22,99,322,100,15344,100,0,100,0,100,0,100,0,100,0,70,30,200,0,100,0,99,1,99,601060000000.0,99,481769000000.0,100,0,100,65535,0,1
44882,20180704,MB2,100,0,96,19178,99,22,99,322,100,15344,100,0,100,0,100,0,100,0,100,0,73,27,200,0,100,0,99,1,99,599939000000.0,99,480837000000.0,100,0,100,65535,0,1
44882,20180703,MB2,100,0,96,19154,99,22,99,321,100,15344,100,0,100,0,100,0,100,0,100,0,73,27,200,0,100,0,99,1,99,598926000000.0,99,480070000000.0,100,0,100,65535,0,1
8595,20191005,MB2,99,1,96,16097,99,24,99,42,99,15289,100,0,100,0,99,1,100,0,100,0,71,29,200,0,100,0,99,1,99,136136000000.0,99,67226138665.0,100,0,100,65535,0,1
8595,20191004,MB2,99,1,96,16073,99,24,99,42,99,15289,100,0,100,0,99,1,100,0,100,0,68,32,200,0,100,0,99,1,99,136136000000.0,99,65094348985.0,100,0,100,65535,0,1
8595,20190930,MB2,100,0,96,15977,99,24,99,42,100,15290,100,0,100,0,100,0,100,0,100,0,71,29,200,0,100,0,99,1,99,136136000000.0,99,63475956273.0,100,0,100,65535,0,1
45580,20181115,MB2,100,0,95,20800,99,70,99,226,100,15342,100,0,100,0,100,0,100,0,100,0,70,30,200,0,100,0,99,1,99,499164000000.0,99,34704481419.0,100,0,100,65535,0,1
45580,20181114,MB2,100,0,95,20776,99,69,99,226,100,15342,100,0,100,0,100,0,100,0,100,0,69,31,200,0,100,0,99,1,99,499164000000.0,99,34704421121.0,100,0,100,65535,0,1
45580,20181113,MB2,100,0,95,20752,99,69,99,226,100,15342,100,0,100,0,100,0,100,0,100,0,69,31,200,0,100,0,99,1,99,499164000000.0,99,34704421121.0,100,0,100,65535,0,1
25904,20180524,MB2,85,2177,96,18170,99,23,99,48,85,13159,100,0,100,0,85,2177,100,0,94,55192,74,26,1,55192,100,0,99,1,99,162056000000.0,99,51837154128.0,100,0,100,65535,0,1
25904,20180523,MB2,85,2177,96,18146,99,23,99,48,85,13159,100,0,100,0,85,2177,100,0,94,55192,73,27,1,55192,100,0,99,1,99,162056000000.0,99,51837154128.0,100,0,100,65535,0,1
25904,20180522,MB2,85,2177,96,18122,99,23,99,48,85,13159,100,0,100,0,85,2177,100,0,94,55192,73,27,1,55192,100,0,99,1,99,162056000000.0,99,51837154128.0,100,0,100,65535,0,1
25904,20180521,MB2,85,2177,96,18098,99,23,99,48,85,13159,100,0,100,0,85,2177,100,0,94,55192,73,27,1,55192,100,0,99,1,99,162056000000.0,99,51837154128.0,100,0,100,65535,0,1
25904,20180520,MB2,85,2177,96,18074,99,23,99,48,85,13159,100,0,100,0,85,2177,100,0,94,55192,73,27,1,55192,100,0,99,1,99,162056000000.0,99,51837154128.0,100,0,100,65535,0,1
25904,20180519,MB2,85,2177,96,18050,99,23,99,48,85,13159,100,0,100,0,85,2177,100,0,94,55192,73,27,1,55192,100,0,99,1,99,162056000000.0,99,51837154128.0,100,0,100,65535,0,1
25904,20180518,MB2,85,2177,96,18026,99,23,99,48,85,13159,100,0,100,0,85,2177,100,0,94,55192,73,27,1,55192,100,0,99,1,99,162056000000.0,99,51837154128.0,100,0,100,65535,0,1
2825,20180524,MB2,99,2,96,16153,99,42,99,138,99,15343,100,0,100,0,99,2,100,0,100,0,69,31,200,0,100,0,100,0,99,244507000000.0,99,11181750011.0,100,0,100,65535,0,1
2825,20180523,MB2,99,2,96,16129,99,42,99,137,99,15343,100,0,100,0,99,2,100,0,100,0,69,31,200,0,100,0,100,0,99,243746000000.0,99,11173309315.0,100,0,100,65535,0,1
2825,20180522,MB2,99,2,96,16105,99,42,99,137,99,15343,100,0,100,0,99,2,100,0,100,0,69,31,200,0,100,0,100,0,99,242975000000.0,99,11167891579.0,100,0,100,65535,0,1
2825,20180521,MB2,99,2,96,16081,99,42,99,136,99,15343,100,0,100,0,99,2,100,0,100,0,69,31,200,0,100,0,100,0,99,242194000000.0,99,11162215299.0,100,0,100,65535,0,1
2825,20180520,MB2,99,2,96,16057,99,42,99,135,99,15343,100,0,100,0,99,2,100,0,100,0,69,31,200,0,100,0,100,0,99,241405000000.0,99,11156285411.0,100,0,100,65535,0,1
2825,20180519,MB2,99,2,96,16033,99,42,99,135,99,15343,100,0,100,0,99,2,100,0,100,0,69,31,200,0,100,0,100,0,99,240607000000.0,99,11150859331.0,100,0,100,65535,0,1
2825,20180518,MB2,99,2,96,16009,99,42,99,134,99,15343,100,0,100,0,99,2,100,0,100,0,69,31,200,0,100,0,100,0,99,239796000000.0,99,11134675331.0,100,0,100,65535,0,1
26699,20190612,MB2,100,0,94,27052,99,35,97,1019,100,15294,100,0,100,0,100,0,100,0,100,0,69,31,200,0,100,0,100,0,99,1353640000000.0,99,193054000000.0,100,0,100,65535,0,1
26699,20190611,MB2,100,0,94,27028,99,35,97,1018,100,15294,100,0,100,0,100,0,100,0,100,0,70,30,200,0,100,0,100,0,99,1351230000000.0,99,192696000000.0,100,0,100,65535,0,1
26699,20190610,MB2,100,0,94,27004,99,35,97,1016,100,15294,100,0,100,0,100,0,100,0,100,0,70,30,200,0,100,0,100,0,99,1349010000000.0,99,192373000000.0,100,0,100,65535,0,1
26699,20190609,MB2,100,0,94,26980,99,35,97,1014,100,15294,100,0,100,0,100,0,100,0,100,0,71,29,200,0,100,0,100,0,99,1346860000000.0,99,192106000000.0,100,0,100,65535,0,1
26699,20190608,MB2,100,0,94,26956,99,35,97,1013,100,15294,100,0,100,0,100,0,100,0,100,0,70,30,200,0,100,0,100,0,99,1345060000000.0,99,191926000000.0,100,0,100,65535,0,1
26699,20190607,MB2,100,0,94,26932,99,35,97,1011,100,15294,100,0,100,0,100,0,100,0,100,0,68,32,200,0,100,0,100,0,99,1343190000000.0,99,191749000000.0,100,0,100,65535,0,1
27389,20190215,MB2,100,0,95,22920,99,49,99,196,100,15284,100,0,100,0,100,0,100,0,100,0,70,30,200,0,100,0,100,0,99,449654000000.0,99,20203524059.0,100,0,100,65535,0,1
27389,20190214,MB2,100,0,95,22896,99,49,99,196,100,15284,100,0,100,0,100,0,100,0,100,0,70,30,200,0,100,0,100,0,99,449250000000.0,99,20202874491.0,100,0,100,65535,0,1
27389,20190213,MB2,100,0,95,22872,99,49,99,196,100,15284,100,0,100,0,100,0,100,0,100,0,70,30,200,0,100,0,100,0,99,448843000000.0,99,20201192939.0,100,0,100,65535,0,1
27389,20190212,MB2,100,0,95,22848,99,49,99,196,100,15284,100,0,100,0,100,0,100,0,100,0,70,30,200,0,100,0,100,0,99,448454000000.0,99,20200654043.0,100,0,100,65535,0,1
27389,20190211,MB2,100,0,95,22824,99,49,99,195,100,15284,100,0,100,0,100,0,100,0,100,0,70,30,200,0,100,0,100,0,99,448068000000.0,99,20199972947.0,100,0,100,65535,0,1
27389,20190210,MB2,100,0,95,22800,99,49,99,195,100,15284,100,0,100,0,100,0,100,0,100,0,70,30,200,0,100,0,100,0,99,447678000000.0,99,20198734987.0,100,0,100,65535,0,1
40300,20181013,MB2,100,0,95,20905,99,29,98,604,100,15322,100,0,100,0,100,0,100,0,100,0,68,32,200,0,100,0,100,0,99,741585000000.0,99,33224656411.0,100,0,100,65535,0,1
40300,20181012,MB2,100,0,95,20881,99,29,98,603,100,15322,100,0,100,0,100,0,100,0,100,0,69,31,200,0,100,0,100,0,99,740851000000.0,99,33137756267.0,100,0,100,65535,0,1
40300,20181011,MB2,100,0,95,20857,99,29,98,602,100,15322,100,0,100,0,100,0,100,0,100,0,68,32,200,0,100,0,100,0,99,738861000000.0,99,33026096507.0,100,0,100,65535,0,1
40300,20181010,MB2,100,0,95,20833,99,29,98,600,100,15322,100,0,100,0,100,0,100,0,100,0,69,31,200,0,100,0,100,0,99,736545000000.0,99,32807149843.0,100,0,100,65535,0,1
40300,20181009,MB2,100,0,95,20805,99,29,98,598,100,15322,100,0,100,0,100,0,100,0,100,0,69,31,200,0,100,0,100,0,99,734032000000.0,99,32644715875.0,100,0,100,65535,0,1
40300,20181008,MB2,100,0,95,20782,99,29,98,597,100,15322,100,0,100,0,100,0,100,0,100,0,69,31,200,0,100,0,100,0,99,731909000000.0,99,32477633011.0,100,0,100,65535,0,1
40300,20181007,MB2,100,0,95,20757,99,29,98,595,100,15322,100,0,100,0,100,0,100,0,100,0,69,31,200,0,100,0,100,0,99,729690000000.0,99,32242499971.0,100,0,100,65535,0,1
15364,20180524,MB2,99,1,96,17859,99,23,99,370,99,15384,100,0,100,0,99,1,100,0,100,0,73,27,200,0,100,0,100,0,99,445470000000.0,99,15469028435.0,100,0,100,65535,0,1
15364,20180523,MB2,99,1,96,17835,99,23,99,369,99,15384,100,0,100,0,99,1,100,0,100,0,74,26,200,0,100,0,100,0,99,444464000000.0,99,15451424459.0,100,0,100,65535,0,1
15364,20180522,MB2,99,1,96,17811,99,23,99,368,99,15384,100,0,100,0,99,1,100,0,100,0,74,26,200,0,100,0,100,0,99,443508000000.0,99,15439745411.0,100,0,100,65535,0,1
15364,20180521,MB2,99,1,96,17787,99,23,99,367,99,15384,100,0,100,0,99,1,100,0,100,0,74,26,200,0,100,0,100,0,99,442499000000.0,99,15428612043.0,100,0,100,65535,0,1
15364,20180520,MB2,99,1,96,17763,99,23,99,366,99,15384,100,0,100,0,99,1,100,0,100,0,74,26,200,0,100,0,100,0,99,441530000000.0,99,15417018555.0,100,0,100,65535,0,1
15364,20180519,MB2,99,1,96,17739,99,23,99,365,99,15384,100,0,100,0,99,1,100,0,100,0,74,26,200,0,100,0,100,0,99,440718000000.0,99,15407191843.0,100,0,100,65535,0,1
15364,20180518,MB2,99,1,96,17715,99,23,99,365,99,15384,100,0,100,0,99,1,100,0,100,0,74,26,200,0,100,0,100,0,99,439865000000.0,99,15386924299.0,100,0,100,65535,0,1
2196,20180529,MB2,100,0,96,17971,99,21,98,641,100,15321,100,0,100,0,100,0,100,0,100,0,70,30,200,0,100,0,100,0,99,720128000000.0,99,44682663097.0,100,0,100,65535,0,1
2196,20180528,MB2,100,0,96,17947,99,21,98,639,100,15321,100,0,100,0,100,0,100,0,100,0,70,30,200,0,100,0,100,0,99,718340000000.0,99,44641448025.0,100,0,100,65535,0,1
2196,20180527,MB2,100,0,96,17923,99,21,98,637,100,15321,100,0,100,0,100,0,100,0,100,0,70,30,200,0,100,0,100,0,99,716547000000.0,99,44580005705.0,100,0,100,65535,0,1
2196,20180526,MB2,100,0,96,17899,99,21,98,635,100,15321,100,0,100,0,100,0,100,0,100,0,70,30,200,0,100,0,100,0,99,714904000000.0,99,44539173441.0,100,0,100,65535,0,1
2196,20180525,MB2,100,0,96,17875,99,21,98,633,100,15321,100,0,100,0,100,0,100,0,100,0,70,30,200,0,100,0,100,0,99,713314000000.0,99,44511378761.0,100,0,100,65535,0,1
2196,20180524,MB2,100,0,96,17851,99,21,98,631,100,15321,100,0,100,0,100,0,100,0,100,0,70,30,200,0,100,0,100,0,99,711613000000.0,99,44477699377.0,100,0,100,65535,0,1
48426,20180617,MB2,99,1,96,18442,99,31,99,243,99,15280,100,0,100,0,99,1,100,0,100,0,74,26,200,0,100,0,99,1,99,342806000000.0,99,596063000000.0,100,0,100,65535,0,1
48426,20180616,MB2,99,1,96,18418,99,31,99,243,99,15280,100,0,100,0,99,1,100,0,100,0,74,26,200,0,100,0,99,1,99,342703000000.0,99,595963000000.0,100,0,100,65535,0,1
48426,20180615,MB2,100,0,96,18394,99,31,99,243,100,15281,100,0,100,0,100,0,100,0,100,0,73,27,200,0,100,0,99,1,99,342492000000.0,99,592161000000.0,100,0,100,65535,0,1
48426,20180614,MB2,100,0,96,18370,99,31,99,242,100,15281,100,0,100,0,100,0,100,0,100,0,74,26,200,0,100,0,99,1,99,342218000000.0,99,591935000000.0,100,0,100,65535,0,1
48426,20180613,MB2,100,0,96,18346,99,31,99,242,100,15281,100,0,100,0,100,0,100,0,100,0,74,26,200,0,100,0,99,1,99,342002000000.0,99,591802000000.0,100,0,100,65535,0,1
48426,20180612,MB2,100,0,96,18322,99,31,99,242,100,15281,100,0,100,0,100,0,100,0,100,0,74,26,200,0,100,0,99,1,99,341764000000.0,99,591679000000.0,100,0,100,65535,0,1
48426,20180611,MB2,100,0,96,18298,99,31,99,242,100,15281,100,0,100,0,100,0,100,0,100,0,74,26,200,0,100,0,99,1,99,341474000000.0,99,591533000000.0,100,0,100,65535,0,1
40981,20180317,MB2,100,0,96,15845,99,21,99,193,100,15292,100,0,100,0,100,0,100,0,100,0,71,29,200,0,100,0,99,1,99,550896000000.0,99,368369000000.0,100,0,100,65535,0,1
40981,20180316,MB2,100,0,96,15821,99,21,99,192,100,15292,100,0,100,0,100,0,100,0,100,0,71,29,200,0,100,0,99,1,99,549925000000.0,99,365625000000.0,100,0,100,65535,0,1
40981,20180315,MB2,100,0,96,15797,99,21,99,192,100,15292,100,0,100,0,100,0,100,0,100,0,71,29,200,0,100,0,99,1,99,549114000000.0,99,364596000000.0,100,0,100,65535,0,1
40981,20180314,MB2,100,0,96,15773,99,21,99,192,100,15292,100,0,100,0,100,0,100,0,100,0,71,29,200,0,100,0,99,1,99,548314000000.0,99,364587000000.0,100,0,100,65535,0,1
40981,20180313,MB2,100,0,96,15749,99,21,99,192,100,15292,100,0,100,0,100,0,100,0,100,0,71,29,200,0,100,0,99,1,99,547528000000.0,99,364577000000.0,100,0,100,65535,0,1
32791,20190306,MB2,80,2964,95,24486,99,19,98,440,80,12316,100,0,100,0,80,2964,100,0,93,64822,72,28,1,64822,100,0,100,0,99,483122000000.0,99,637820000000.0,100,0,100,65535,0,1
32791,20190305,MB2,99,38,95,24462,99,19,98,431,99,15242,100,0,100,0,99,38,100,0,99,14,72,28,199,14,100,0,100,0,99,477575000000.0,99,635650000000.0,100,0,100,65535,0,1
32791,20190304,MB2,100,0,95,24438,99,19,98,425,100,15280,100,0,100,0,100,0,100,0,100,0,71,29,200,0,100,0,100,0,99,471342000000.0,99,632907000000.0,100,0,100,65535,0,1
32791,20190303,MB2,100,0,95,24414,99,19,98,419,100,15280,100,0,100,0,100,0,100,0,100,0,72,28,200,0,100,0,100,0,99,464848000000.0,99,630165000000.0,100,0,100,65535,0,1
32791,20190302,MB2,100,0,95,24390,99,19,98,412,100,15280,100,0,100,0,100,0,100,0,100,0,71,29,200,0,100,0,100,0,99,457317000000.0,99,627844000000.0,100,0,100,65535,0,1
32791,20190301,MB2,100,0,95,24366,99,19,98,405,100,15280,100,0,100,0,100,0,100,0,100,0,72,28,200,0,100,0,100,0,99,449838000000.0,99,625495000000.0,100,0,100,65535,0,1
32791,20190228,MB2,100,0,95,24342,99,19,98,399,100,15280,100,0,100,0,100,0,100,0,100,0,72,28,200,0,100,0,100,0,99,442689000000.0,99,623155000000.0,100,0,100,65535,0,1
30289,20180609,MB2,100,0,96,17861,99,22,100,0,100,15246,100,0,100,0,100,0,100,0,100,0,71,29,200,0,100,0,100,0,99,846328653.0,99,405040000000.0,100,0,100,65535,0,1
30289,20180608,MB2,100,0,96,17837,99,22,100,0,100,15246,100,0,100,0,100,0,100,0,100,0,71,29,200,0,100,0,100,0,99,846324020.0,99,405040000000.0,100,0,100,65535,0,1
30289,20180607,MB2,100,0,96,17813,99,22,100,0,100,15246,100,0,100,0,100,0,100,0,100,0,71,29,200,0,100,0,100,0,99,846319910.0,99,401292000000.0,100,0,100,65535,0,1
30289,20180606,MB2,100,0,96,17789,99,22,100,0,100,15246,100,0,100,0,100,0,100,0,100,0,71,29,200,0,100,0,100,0,99,846319910.0,99,401292000000.0,100,0,100,65535,0,1
30289,20180605,MB2,100,0,96,17765,99,22,100,0,100,15246,100,0,100,0,100,0,100,0,100,0,71,29,200,0,100,0,100,0,99,846319910.0,99,401292000000.0,100,0,100,65535,0,1
30289,20180604,MB2,100,0,96,17741,99,22,100,0,100,15246,100,0,100,0,100,0,100,0,100,0,71,29,200,0,100,0,100,0,99,846319910.0,99,401292000000.0,100,0,100,65535,0,1
30289,20180603,MB2,100,0,96,17717,99,22,100,0,100,15246,100,0,100,0,100,0,100,0,100,0,71,29,200,0,100,0,100,0,99,846319910.0,99,401292000000.0,100,0,100,65535,0,1
48501,20180524,MB2,99,2,96,17850,99,27,99,341,99,15299,100,0,100,0,99,2,100,0,99,1,74,26,199,1,100,0,100,0,99,772014000000.0,99,423371000000.0,100,0,100,65535,0,1
48501,20180523,MB2,99,2,96,17826,99,27,99,341,99,15299,100,0,100,0,99,2,100,0,99,1,74,26,199,1,100,0,100,0,99,772014000000.0,99,423335000000.0,100,0,100,65535,0,1
48501,20180522,MB2,99,2,96,17802,99,27,99,341,99,15299,100,0,100,0,99,2,100,0,99,1,74,26,199,1,100,0,100,0,99,772013000000.0,99,423299000000.0,100,0,100,65535,0,1
48501,20180521,MB2,99,2,96,17778,99,27,99,341,99,15299,100,0,100,0,99,2,100,0,99,1,74,26,199,1,100,0,100,0,99,772013000000.0,99,423263000000.0,100,0,100,65535,0,1
48501,20180520,MB2,99,2,96,17754,99,27,99,341,99,15299,100,0,100,0,99,2,100,0,99,1,74,26,199,1,100,0,100,0,99,772013000000.0,99,423228000000.0,100,0,100,65535,0,1
48501,20180519,MB2,99,2,96,17730,99,27,99,341,99,15299,100,0,100,0,99,2,100,0,99,1,74,26,199,1,100,0,100,0,99,772013000000.0,99,423192000000.0,100,0,100,65535,0,1
48501,20180518,MB2,99,2,96,17706,99,27,99,341,99,15299,100,0,100,0,99,2,100,0,99,1,73,27,199,1,100,0,100,0,99,772013000000.0,99,419362000000.0,100,0,100,65535,0,1
48773,20190311,MB2,99,2,95,24609,99,21,98,675,99,15289,100,0,100,0,99,2,100,0,100,0,72,28,200,0,100,0,100,0,99,1161920000000.0,99,663039000000.0,100,0,100,65535,0,1
48773,20190310,MB2,99,2,95,24585,99,21,98,670,99,15289,100,0,100,0,99,2,100,0,100,0,73,27,200,0,100,0,100,0,99,1156220000000.0,99,661249000000.0,100,0,100,65535,0,1
48773,20190309,MB2,100,0,95,24561,99,21,98,664,100,15291,100,0,100,0,100,0,100,0,100,0,73,27,200,0,100,0,100,0,99,1150120000000.0,99,659472000000.0,100,0,100,65535,0,1
48773,20190308,MB2,100,0,95,24537,99,21,98,658,100,15291,100,0,100,0,100,0,100,0,100,0,73,27,200,0,100,0,100,0,99,1144030000000.0,99,657554000000.0,100,0,100,65535,0,1
48773,20190307,MB2,100,0,95,24513,99,21,98,653,100,15291,100,0,100,0,100,0,100,0,100,0,73,27,200,0,100,0,100,0,99,1138680000000.0,99,656074000000.0,100,0,100,65535,0,1
48773,20190306,MB2,100,0,95,24489,99,21,98,648,100,15291,100,0,100,0,100,0,100,0,100,0,73,27,200,0,100,0,100,0,99,1133240000000.0,99,654530000000.0,100,0,100,65535,0,1
48773,20190305,MB2,100,0,95,24465,99,21,98,643,100,15291,100,0,100,0,100,0,100,0,100,0,73,27,200,0,100,0,100,0,99,1127550000000.0,99,652376000000.0,100,0,100,65535,0,1
21972,20180717,MB2,100,0,96,19114,99,62,99,218,100,15303,100,0,100,0,100,0,100,0,100,0,72,28,200,0,100,0,100,0,99,323104000000.0,99,519900000000.0,100,0,100,65535,0,1
21972,20180716,MB2,100,0,96,19090,99,62,99,217,100,15303,100,0,100,0,100,0,100,0,100,0,72,28,200,0,100,0,100,0,99,322800000000.0,99,519346000000.0,100,0,100,65535,0,1
21972,20180715,MB2,100,0,96,19066,99,62,99,217,100,15303,100,0,100,0,100,0,100,0,100,0,72,28,200,0,100,0,100,0,99,322500000000.0,99,518833000000.0,100,0,100,65535,0,1
21972,20180714,MB2,100,0,96,19042,99,62,99,217,100,15303,100,0,100,0,100,0,100,0,100,0,72,28,200,0,100,0,100,0,99,322220000000.0,99,518363000000.0,100,0,100,65535,0,1
21972,20180713,MB2,100,0,96,19018,99,62,99,217,100,15303,100,0,100,0,100,0,100,0,100,0,72,28,200,0,100,0,100,0,99,321935000000.0,99,514368000000.0,100,0,100,65535,0,1
12612,20180529,MB2,100,0,96,17598,99,20,99,67,100,15235,100,0,100,0,100,0,100,0,100,0,70,30,200,0,100,0,100,0,99,214636000000.0,99,230129000000.0,100,0,100,65535,0,1
12612,20180528,MB2,100,0,96,17574,99,20,99,67,100,15235,100,0,100,0,100,0,100,0,100,0,70,30,200,0,100,0,100,0,99,214152000000.0,99,229541000000.0,100,0,100,65535,0,1
12612,20180527,MB2,100,0,96,17550,99,20,99,67,100,15235,100,0,100,0,100,0,100,0,100,0,71,29,200,0,100,0,100,0,99,213663000000.0,99,228940000000.0,100,0,100,65535,0,1
12612,20180526,MB2,100,0,96,17526,99,20,99,67,100,15235,100,0,100,0,100,0,100,0,100,0,70,30,200,0,100,0,100,0,99,213197000000.0,99,228417000000.0,100,0,100,65535,0,1
12612,20180525,MB2,100,0,96,17502,99,20,99,66,100,15235,100,0,100,0,100,0,100,0,100,0,70,30,200,0,100,0,100,0,99,212724000000.0,99,227899000000.0,100,0,100,65535,0,1
21480,20180731,MB2,100,0,96,17306,99,36,98,566,100,15300,100,0,100,0,100,0,100,0,100,0,75,25,200,0,100,0,99,2,99,908469000000.0,99,75460515488.0,100,0,100,65535,0,1
21480,20180730,MB2,100,0,96,17282,99,36,98,563,100,15300,100,0,100,0,100,0,100,0,100,0,69,31,200,0,100,0,99,2,99,905246000000.0,99,73027842120.0,100,0,100,65535,0,1
21480,20180729,MB2,100,0,96,17258,99,36,98,555,100,15300,100,0,100,0,100,0,100,0,100,0,74,26,200,0,100,0,100,0,99,897585000000.0,99,69473874344.0,100,0,100,65535,0,1
21480,20180728,MB2,100,0,96,17234,99,36,98,551,100,15300,100,0,100,0,100,0,100,0,100,0,70,30,200,0,100,0,100,0,99,894346000000.0,99,69062778824.0,100,0,100,65535,0,1
21480,20180727,MB2,100,0,96,17210,99,36,98,544,100,15300,100,0,100,0,100,0,100,0,100,0,71,29,200,0,100,0,100,0,99,887548000000.0,99,67358201776.0,100,0,100,65535,0,1
21480,20180726,MB2,100,0,96,17186,99,36,98,536,100,15300,100,0,100,0,100,0,100,0,100,0,73,27,200,0,100,0,100,0,99,880209000000.0,99,65642847376.0,100,0,100,65535,0,1
21480,20180725,MB2,100,0,96,17162,99,36,98,530,100,15300,100,0,100,0,100,0,100,0,100,0,71,29,200,0,100,0,100,0,99,874351000000.0,99,64861957424.0,100,0,100,65535,0,1
26936,20180506,MB2,100,0,96,17193,99,24,99,249,100,15325,100,0,100,0,100,0,100,0,100,0,73,27,200,0,100,0,100,0,99,336687000000.0,99,10698710897.0,100,0,100,65535,0,1
26936,20180505,MB2,100,0,96,17169,99,24,99,248,100,15325,100,0,100,0,100,0,100,0,100,0,73,27,200,0,100,0,100,0,99,335629000000.0,99,10691252393.0,100,0,100,65535,0,1
26936,20180504,MB2,100,0,96,17145,99,24,99,247,100,15325,100,0,100,0,100,0,100,0,100,0,73,27,200,0,100,0,100,0,99,334573000000.0,99,10685652961.0,100,0,100,65535,0,1
26936,20180503,MB2,100,0,96,17121,99,24,99,246,100,15325,100,0,100,0,100,0,100,0,100,0,73,27,200,0,100,0,100,0,99,333502000000.0,99,10679517057.0,100,0,100,65535,0,1
26936,20180502,MB2,100,0,96,17097,99,24,99,245,100,15325,100,0,100,0,100,0,100,0,100,0,73,27,200,0,100,0,100,0,99,332427000000.0,99,10673808185.0,100,0,100,65535,0,1
26936,20180501,MB2,100,0,96,17073,99,24,99,243,100,15325,100,0,100,0,100,0,100,0,100,0,72,28,200,0,100,0,100,0,99,331384000000.0,99,10662398841.0,100,0,100,65535,0,1
25720,20180506,MB2,100,0,96,17194,99,25,99,250,100,15282,100,0,100,0,100,0,100,0,100,0,73,27,200,0,100,0,100,0,99,332639000000.0,99,10465535231.0,100,0,100,65535,0,1
25720,20180505,MB2,100,0,96,17170,99,25,99,249,100,15282,100,0,100,0,100,0,100,0,100,0,73,27,200,0,100,0,100,0,99,331691000000.0,99,10463378511.0,100,0,100,65535,0,1
25720,20180504,MB2,100,0,96,17146,99,25,99,247,100,15282,100,0,100,0,100,0,100,0,100,0,73,27,200,0,100,0,100,0,99,330725000000.0,99,10462127663.0,100,0,100,65535,0,1
25720,20180503,MB2,100,0,96,17122,99,25,99,246,100,15282,100,0,100,0,100,0,100,0,100,0,73,27,200,0,100,0,100,0,99,329752000000.0,99,10460641343.0,100,0,100,65535,0,1
25720,20180502,MB2,100,0,96,17098,99,25,99,245,100,15282,100,0,100,0,100,0,100,0,100,0,73,27,200,0,100,0,100,0,99,328786000000.0,99,10458287271.0,100,0,100,65535,0,1
14693,20180721,MB2,99,20,96,19620,99,20,99,166,99,15319,100,0,100,0,99,20,100,0,100,0,74,26,200,0,100,0,100,0,99,407814000000.0,99,17953347687.0,100,0,100,65535,0,1
14693,20180720,MB2,99,6,96,19596,99,20,99,166,99,15333,100,0,100,0,99,6,100,0,100,0,74,26,200,0,100,0,100,0,99,407098000000.0,99,17951442879.0,100,0,100,65535,0,1
14693,20180719,MB2,99,5,96,19572,99,20,99,165,99,15334,100,0,100,0,99,5,100,0,100,0,74,26,200,0,100,0,100,0,99,406401000000.0,99,17948405111.0,100,0,100,65535,0,1
14693,20180718,MB2,100,0,96,19548,99,20,99,164,100,15339,100,0,100,0,100,0,100,0,100,0,74,26,200,0,100,0,100,0,99,405708000000.0,99,17945756935.0,100,0,100,65535,0,1
14693,20180717,MB2,100,0,96,19524,99,20,99,164,100,15339,100,0,100,0,100,0,100,0,100,0,74,26,200,0,100,0,100,0,99,405019000000.0,99,17943190887.0,100,0,100,65535,0,1
14693,20180716,MB2,100,0,96,19500,99,20,99,163,100,15339,100,0,100,0,100,0,100,0,100,0,74,26,200,0,100,0,100,0,99,404334000000.0,99,17939074455.0,100,0,100,65535,0,1
14693,20180715,MB2,100,0,96,19476,99,20,99,163,100,15339,100,0,100,0,100,0,100,0,100,0,74,26,200,0,100,0,100,0,99,403652000000.0,99,17937154143.0,100,0,100,65535,0,1
43877,20190621,MB2,100,0,94,27653,99,24,99,99,100,15240,100,0,100,0,100,0,100,0,100,0,72,28,200,0,100,0,100,0,99,276824000000.0,99,2369422616.0,100,0,100,65535,0,1
43877,20190620,MB2,100,0,94,27629,99,24,99,99,100,15240,100,0,100,0,100,0,100,0,100,0,72,28,200,0,100,0,100,0,99,276797000000.0,99,2369422616.0,100,0,100,65535,0,1
43877,20190619,MB2,100,0,94,27605,99,24,99,99,100,15240,100,0,100,0,100,0,100,0,100,0,72,28,200,0,100,0,100,0,99,276769000000.0,99,2369422608.0,100,0,100,65535,0,1
43877,20190618,MB2,100,0,94,27581,99,24,99,99,100,15240,100,0,100,0,100,0,100,0,100,0,72,28,200,0,100,0,100,0,99,276742000000.0,99,2369422592.0,100,0,100,65535,0,1
43877,20190617,MB2,100,0,94,27557,99,24,99,99,100,15240,100,0,100,0,100,0,100,0,100,0,72,28,200,0,100,0,100,0,99,276715000000.0,99,2369422592.0,100,0,100,65535,0,1
25791,20190923,MB2,100,0,94,28511,99,27,99,227,100,15279,100,0,100,0,100,0,100,0,100,0,71,29,200,0,100,0,100,0,99,376027000000.0,99,5360029908.0,100,0,100,65535,0,1
25791,20190922,MB2,100,0,94,28487,99,27,99,227,100,15279,100,0,100,0,100,0,100,0,100,0,71,29,200,0,100,0,100,0,99,376016000000.0,99,5360029908.0,100,0,100,65535,0,1
25791,20190921,MB2,100,0,94,28463,99,27,99,227,100,15279,100,0,100,0,100,0,100,0,100,0,71,29,200,0,100,0,100,0,99,376005000000.0,99,5360029908.0,100,0,100,65535,0,1
25791,20190919,MB2,100,0,94,28415,99,27,99,227,100,15279,100,0,100,0,100,0,100,0,100,0,71,29,200,0,100,0,100,0,99,375985000000.0,99,5360029908.0,100,0,100,65535,0,1
25791,20190918,MB2,100,0,94,28391,99,27,99,227,100,15279,100,0,100,0,100,0,100,0,100,0,71,29,200,0,100,0,100,0,99,375974000000.0,99,5360029908.0,100,0,100,65535,0,1
26283,20190628,MB2,100,0,94,27676,99,24,98,453,100,15312,100,0,100,0,100,0,100,0,100,0,69,31,200,0,100,0,99,1,99,715649000000.0,99,275475000000.0,100,0,100,65535,0,1
26283,20190627,MB2,100,0,94,27652,99,24,98,453,100,15312,100,0,100,0,100,0,100,0,100,0,69,31,200,0,100,0,99,1,99,715138000000.0,99,275474000000.0,100,0,100,65535,0,1
26283,20190626,MB2,100,0,94,27628,99,24,98,452,100,15312,100,0,100,0,100,0,100,0,100,0,69,31,200,0,100,0,99,1,99,714582000000.0,99,275463000000.0,100,0,100,65535,0,1
26283,20190625,MB2,100,0,94,27604,99,24,98,452,100,15312,100,0,100,0,100,0,100,0,100,0,69,31,200,0,100,0,99,1,99,714068000000.0,99,275442000000.0,100,0,100,65535,0,1
26283,20190624,MB2,100,0,94,27580,99,24,98,451,100,15312,100,0,100,0,100,0,100,0,100,0,70,30,200,0,100,0,99,1,99,713535000000.0,99,275440000000.0,100,0,100,65535,0,1
26283,20190623,MB2,100,0,94,27556,99,24,98,451,100,15312,100,0,100,0,100,0,100,0,100,0,70,30,200,0,100,0,99,1,99,712973000000.0,99,275422000000.0,100,0,100,65535,0,1
303,20180524,MB2,99,14,96,17852,99,23,98,424,99,15327,100,0,100,0,99,14,100,0,100,0,71,29,200,0,100,0,100,0,99,456916000000.0,99,12401929164.0,100,0,100,65535,0,1
303,20180523,MB2,99,14,96,17828,99,23,98,422,99,15327,100,0,100,0,99,14,100,0,100,0,71,29,200,0,100,0,100,0,99,455836000000.0,99,12389325252.0,100,0,100,65535,0,1
303,20180522,MB2,99,14,96,17804,99,23,98,421,99,15327,100,0,100,0,99,14,100,0,100,0,71,29,200,0,100,0,100,0,99,454846000000.0,99,12381551420.0,100,0,100,65535,0,1
303,20180521,MB2,99,14,96,17780,99,23,98,420,99,15327,100,0,100,0,99,14,100,0,100,0,71,29,200,0,100,0,100,0,99,453792000000.0,99,12372855476.0,100,0,100,65535,0,1
303,20180520,MB2,99,12,96,17756,99,23,98,419,99,15329,100,0,100,0,99,12,100,0,100,0,71,29,200,0,100,0,100,0,99,452805000000.0,99,12353996124.0,100,0,100,65535,0,1
303,20180519,MB2,99,11,96,17732,99,23,98,418,99,15330,100,0,100,0,99,11,100,0,100,0,71,29,200,0,100,0,100,0,99,451892000000.0,99,12345024844.0,100,0,100,65535,0,1
303,20180518,MB2,99,11,96,17708,99,23,98,417,99,15330,100,0,100,0,99,11,100,0,100,0,71,29,200,0,100,0,100,0,99,450905000000.0,99,12330967748.0,100,0,100,65535,0,1
35002,20181023,MB2,100,0,95,21366,99,46,99,369,100,15291,100,0,100,0,100,0,100,0,100,0,74,26,200,0,100,0,100,0,99,446371000000.0,99,9372744580.0,100,0,100,65535,0,1
35002,20181022,MB2,100,0,95,21342,99,46,99,368,100,15291,100,0,100,0,100,0,100,0,100,0,73,27,200,0,100,0,100,0,99,445918000000.0,99,9259240108.0,100,0,100,65535,0,1
35002,20181021,MB2,100,0,95,21318,99,46,99,367,100,15291,100,0,100,0,100,0,100,0,100,0,73,27,200,0,100,0,100,0,99,444908000000.0,99,9247656092.0,100,0,100,65535,0,1
35002,20181020,MB2,100,0,95,21294,99,46,99,366,100,15291,100,0,100,0,100,0,100,0,100,0,73,27,200,0,100,0,100,0,99,444055000000.0,99,9243289036.0,100,0,100,65535,0,1
35002,20181019,MB2,100,0,95,21270,99,46,99,365,100,15291,100,0,100,0,100,0,100,0,100,0,73,27,200,0,100,0,100,0,99,443176000000.0,99,9242291092.0,100,0,100,65535,0,1
35002,20181018,MB2,100,0,95,21246,99,46,99,364,100,15291,100,0,100,0,100,0,100,0,100,0,73,27,200,0,100,0,100,0,99,442251000000.0,99,9233279756.0,100,0,100,65535,0,1
35002,20181017,MB2,100,0,95,21222,99,46,99,363,100,15291,100,0,100,0,100,0,100,0,100,0,73,27,200,0,100,0,100,0,99,441235000000.0,99,9209052948.0,100,0,100,65535,0,1
27212,20190515,MB2,100,0,94,26285,99,26,99,26,100,15268,100,0,100,0,100,0,100,0,100,0,70,30,200,0,100,0,100,0,99,24118904671.0,99,6167130074.0,100,0,100,65535,0,1
27212,20190514,MB2,100,0,94,26261,99,26,99,26,100,15268,100,0,100,0,100,0,100,0,100,0,70,30,200,0,100,0,100,0,99,23997227167.0,99,6167129330.0,100,0,100,65535,0,1
27212,20190513,MB2,100,0,94,26236,99,26,99,26,100,15268,100,0,100,0,100,0,100,0,100,0,70,30,200,0,100,0,100,0,99,23875126591.0,99,6167129218.0,100,0,100,65535,0,1
27212,20190512,MB2,100,0,94,26212,99,26,99,26,100,15268,100,0,100,0,100,0,100,0,100,0,70,30,200,0,100,0,100,0,99,23752661751.0,99,6167127714.0,100,0,100,65535,0,1
27212,20190511,MB2,100,0,94,26188,99,26,99,26,100,15268,100,0,100,0,100,0,100,0,100,0,70,30,200,0,100,0,100,0,99,23630674551.0,99,6167127450.0,100,0,100,65535,0,1
27212,20190510,MB2,100,0,94,26164,99,26,99,25,100,15268,100,0,100,0,100,0,100,0,100,0,70,30,200,0,100,0,100,0,99,23507591543.0,99,6167126762.0,100,0,100,65535,0,1
13691,20190117,MB2,100,0,95,21888,99,29,99,77,100,15259,100,0,100,0,100,0,100,0,100,0,72,28,200,0,100,0,100,0,99,161558000000.0,99,7771905138.0,100,0,100,65535,0,1
13691,20190116,MB2,100,0,95,21864,99,29,99,77,100,15259,100,0,100,0,100,0,100,0,100,0,72,28,200,0,100,0,100,0,99,161019000000.0,99,7771641042.0,100,0,100,65535,0,1
13691,20190115,MB2,100,0,95,21840,99,29,99,77,100,15259,100,0,100,0,100,0,100,0,100,0,72,28,200,0,100,0,100,0,99,160509000000.0,99,7771430178.0,100,0,100,65535,0,1
13691,20190114,MB2,100,0,95,21816,99,29,99,77,100,15259,100,0,100,0,100,0,100,0,100,0,72,28,200,0,100,0,100,0,99,159890000000.0,99,7769697026.0,100,0,100,65535,0,1
13691,20190113,MB2,100,0,95,21792,99,29,99,77,100,15259,100,0,100,0,100,0,100,0,100,0,72,28,200,0,100,0,100,0,99,159351000000.0,99,7767288594.0,100,0,100,65535,0,1
13691,20190112,MB2,100,0,95,21768,99,29,99,77,100,15259,100,0,100,0,100,0,100,0,100,0,72,28,200,0,100,0,100,0,99,158884000000.0,99,7766741298.0,100,0,100,65535,0,1
5944,20181115,MB2,100,0,96,18206,99,35,98,685,100,15323,100,0,100,0,100,0,100,0,100,0,68,32,200,0,100,0,100,0,99,772580000000.0,99,65145407935.0,100,0,100,65535,0,1
5944,20181114,MB2,100,0,96,18182,99,35,98,683,100,15323,100,0,100,0,100,0,100,0,100,0,68,32,200,0,100,0,100,0,99,770185000000.0,99,65044068346.0,100,0,100,65535,0,1
5944,20181113,MB2,100,0,96,18158,99,35,98,681,100,15323,100,0,100,0,100,0,100,0,100,0,69,31,200,0,100,0,100,0,99,767594000000.0,99,64949607067.0,100,0,100,65535,0,1
11878,20191129,MB2,100,0,93,30925,99,29,99,112,100,15273,100,0,100,0,100,0,100,0,100,0,73,27,200,0,100,0,100,0,99,315366000000.0,99,7651031452.0,100,0,100,65535,0,1
11878,20191128,MB2,100,0,93,30901,99,29,99,112,100,15273,100,0,100,0,100,0,100,0,100,0,73,27,200,0,100,0,100,0,99,315358000000.0,99,7651031372.0,100,0,100,65535,0,1
11878,20191127,MB2,100,0,93,30872,99,29,99,112,100,15273,100,0,100,0,100,0,100,0,100,0,73,27,200,0,100,0,100,0,99,315348000000.0,99,7651031292.0,100,0,100,65535,0,1
11878,20191126,MB2,100,0,93,30848,99,29,99,112,100,15273,100,0,100,0,100,0,100,0,100,0,73,27,200,0,100,0,100,0,99,315340000000.0,99,7651031252.0,100,0,100,65535,0,1
11878,20191125,MB2,100,0,93,30824,99,29,99,112,100,15273,100,0,100,0,100,0,100,0,100,0,73,27,200,0,100,0,100,0,99,315331000000.0,99,7651031172.0,100,0,100,65535,0,1
11878,20191124,MB2,100,0,93,30800,99,29,99,112,100,15273,100,0,100,0,100,0,100,0,100,0,73,27,200,0,100,0,100,0,99,315323000000.0,99,7651031092.0,100,0,100,65535,0,1
22100,20180609,MB2,100,0,96,17816,99,18,99,140,100,15327,100,0,100,0,100,0,100,0,100,0,71,29,200,0,100,0,100,0,99,357605000000.0,99,16086657809.0,100,0,100,65535,0,1
22100,20180608,MB2,100,0,96,17792,99,18,99,139,100,15327,100,0,100,0,100,0,100,0,100,0,73,27,200,0,100,0,100,0,99,355482000000.0,99,15780820961.0,100,0,100,65535,0,1
22100,20180607,MB2,100,0,96,17768,99,18,99,138,100,15327,100,0,100,0,100,0,100,0,100,0,74,26,200,0,100,0,100,0,99,352950000000.0,99,15436230417.0,100,0,100,65535,0,1
22100,20180606,MB2,100,0,96,17744,99,18,99,137,100,15327,100,0,100,0,100,0,100,0,100,0,75,25,200,0,100,0,100,0,99,350344000000.0,99,15076584777.0,100,0,100,65535,0,1
22100,20180605,MB2,100,0,96,17720,99,18,99,135,100,15327,100,0,100,0,100,0,100,0,100,0,69,31,200,0,100,0,100,0,99,347841000000.0,99,14739889217.0,100,0,100,65535,0,1
9123,20190206,MB2,100,0,95,22621,99,31,99,298,100,15340,100,0,100,0,100,0,100,0,100,0,67,33,200,0,100,0,100,0,99,555569000000.0,99,13636505735.0,100,0,100,65535,0,1
9123,20190205,MB2,100,0,95,22597,99,31,99,298,100,15340,100,0,100,0,100,0,100,0,100,0,66,34,200,0,100,0,100,0,99,554669000000.0,99,13636500903.0,100,0,100,65535,0,1
9123,20190204,MB2,100,0,95,22573,99,31,99,298,100,15340,100,0,100,0,100,0,100,0,100,0,67,33,200,0,100,0,100,0,99,553774000000.0,99,13636462063.0,100,0,100,65535,0,1
9123,20190203,MB2,100,0,95,22549,99,31,99,297,100,15340,100,0,100,0,100,0,100,0,100,0,67,33,200,0,100,0,100,0,99,552880000000.0,99,13636163311.0,100,0,100,65535,0,1
9123,20190202,MB2,100,0,95,22525,99,31,99,297,100,15340,100,0,100,0,100,0,100,0,100,0,66,34,200,0,100,0,100,0,99,551980000000.0,99,13635734215.0,100,0,100,65535,0,1
9123,20190201,MB2,100,0,95,22501,99,31,99,297,100,15340,100,0,100,0,100,0,100,0,100,0,67,33,200,0,100,0,100,0,99,551067000000.0,99,13635204303.0,100,0,100,65535,0,1
22878,20180424,MB2,100,0,96,15765,99,32,99,153,100,15355,100,0,100,0,100,0,100,0,100,0,70,30,200,0,100,0,100,0,99,288692000000.0,99,7524089338.0,100,0,100,65535,0,1
22878,20180423,MB2,100,0,96,15741,99,32,99,153,100,15355,100,0,100,0,100,0,100,0,100,0,70,30,200,0,100,0,100,0,99,288136000000.0,99,7521573850.0,100,0,100,65535,0,1
22878,20180422,MB2,100,0,96,15717,99,32,99,152,100,15355,100,0,100,0,100,0,100,0,100,0,70,30,200,0,100,0,100,0,99,287525000000.0,99,7516877538.0,100,0,100,65535,0,1
22878,20180421,MB2,100,0,96,15693,99,32,99,152,100,15355,100,0,100,0,100,0,100,0,100,0,69,31,200,0,100,0,100,0,99,286991000000.0,99,7513364274.0,100,0,100,65535,0,1
22878,20180420,MB2,100,0,96,15669,99,32,99,151,100,15355,100,0,100,0,100,0,100,0,100,0,69,31,200,0,100,0,100,0,99,286449000000.0,99,7509751538.0,100,0,100,65535,0,1
36048,20191018,MB2,99,29,94,28412,99,27,98,585,99,15262,100,0,100,0,99,29,100,0,99,6,73,27,199,6,100,0,100,0,99,702698000000.0,99,15593092162.0,100,0,100,65535,0,1
36048,20191017,MB2,99,22,94,28388,99,27,98,584,99,15269,100,0,100,0,99,22,100,0,100,0,73,27,200,0,100,0,100,0,99,701424000000.0,99,15561177490.0,100,0,100,65535,0,1
36048,20191016,MB2,99,15,94,28364,99,27,98,582,99,15276,100,0,100,0,99,15,100,0,100,0,72,28,200,0,100,0,100,0,99,699831000000.0,99,15528123834.0,100,0,100,65535,0,1
36048,20191015,MB2,99,5,94,28340,99,27,98,580,99,15286,100,0,100,0,99,5,100,0,100,0,72,28,200,0,100,0,100,0,99,698198000000.0,99,15468064786.0,100,0,100,65535,0,1
36048,20191014,MB2,99,5,94,28316,99,27,98,577,99,15286,100,0,100,0,99,5,100,0,100,0,73,27,200,0,100,0,100,0,99,696556000000.0,99,15440006306.0,100,0,100,65535,0,1
36048,20191013,MB2,99,5,94,28292,99,27,98,575,99,15286,100,0,100,0,99,5,100,0,100,0,72,28,200,0,100,0,100,0,99,694961000000.0,99,15420000266.0,100,0,100,65535,0,1
36048,20191012,MB2,99,2,94,28268,99,27,98,573,99,15289,100,0,100,0,99,2,100,0,100,0,72,28,200,0,100,0,100,0,99,693467000000.0,99,15411540226.0,100,0,100,65535,0,1
38363,20180524,MB2,99,3,96,16479,99,31,99,181,99,15313,100,0,100,0,99,3,100,0,100,0,71,29,200,0,100,0,100,0,99,352010000000.0,99,74629573385.0,100,0,100,65535,0,1
38363,20180523,MB2,99,3,96,16455,99,31,99,181,99,15313,100,0,100,0,99,3,100,0,100,0,71,29,200,0,100,0,100,0,99,352010000000.0,99,74629573385.0,100,0,100,65535,0,1
38363,20180522,MB2,99,3,96,16431,99,31,99,181,99,15313,100,0,100,0,99,3,100,0,100,0,71,29,200,0,100,0,100,0,99,352010000000.0,99,74629573385.0,100,0,100,65535,0,1
38363,20180521,MB2,99,3,96,16407,99,31,99,181,99,15313,100,0,100,0,99,3,100,0,100,0,71,29,200,0,100,0,100,0,99,352010000000.0,99,74629573385.0,100,0,100,65535,0,1
38363,20180520,MB2,99,3,96,16383,99,31,99,181,99,15313,100,0,100,0,99,3,100,0,100,0,71,29,200,0,100,0,100,0,99,352010000000.0,99,74629573385.0,100,0,100,65535,0,1
38363,20180519,MB2,99,3,96,16359,99,31,99,181,99,15313,100,0,100,0,99,3,100,0,100,0,71,29,200,0,100,0,100,0,99,352010000000.0,99,74629573385.0,100,0,100,65535,0,1
38363,20180518,MB2,99,3,96,16335,99,31,99,181,99,15313,100,0,100,0,99,3,100,0,100,0,70,30,200,0,100,0,100,0,99,352010000000.0,99,74629573385.0,100,0,100,65535,0,1
25545,20190212,MB2,100,0,95,22523,99,267,99,58,100,15298,100,0,100,0,100,0,100,0,100,0,74,26,200,0,100,0,100,0,99,142170000000.0,99,9278634899.0,100,0,100,65535,0,1
25545,20190211,MB2,100,0,95,22499,99,266,99,57,100,15298,100,0,100,0,100,0,100,0,100,0,73,27,200,0,100,0,100,0,99,141631000000.0,99,9264010152.0,100,0,100,65535,0,1
25545,20190210,MB2,100,0,95,22475,99,266,99,57,100,15298,100,0,100,0,100,0,100,0,100,0,74,26,200,0,100,0,100,0,99,140987000000.0,99,9258043848.0,100,0,100,65535,0,1
25545,20190209,MB2,100,0,95,22451,99,266,99,57,100,15298,100,0,100,0,100,0,100,0,100,0,74,26,200,0,100,0,100,0,99,140385000000.0,99,9250977088.0,100,0,100,65535,0,1
25545,20190208,MB2,100,0,95,22427,99,266,99,56,100,15298,100,0,100,0,100,0,100,0,100,0,71,29,200,0,100,0,100,0,99,139799000000.0,99,9245144072.0,100,0,100,65535,0,1
25545,20190207,MB2,100,0,95,22403,99,266,99,56,100,15298,100,0,100,0,100,0,100,0,100,0,71,29,200,0,100,0,100,0,99,139227000000.0,99,9239821952.0,100,0,100,65535,0,1
25545,20190206,MB2,100,0,95,22379,99,266,99,55,100,15298,100,0,100,0,100,0,100,0,100,0,70,30,200,0,100,0,100,0,99,138669000000.0,99,9234619232.0,100,0,100,65535,0,1
14203,20180129,MB2,100,0,97,13537,99,26,99,281,100,15288,100,0,100,0,100,0,100,0,100,0,71,29,200,0,100,0,100,0,99,325716000000.0,99,60793354722.0,100,0,100,65535,0,1
14203,20180128,MB2,100,0,97,13513,99,26,99,279,100,15288,100,0,100,0,100,0,100,0,100,0,71,29,200,0,100,0,100,0,99,324411000000.0,99,60501931138.0,100,0,100,65535,0,1
14203,20180127,MB2,100,0,97,13489,99,26,99,278,100,15288,100,0,100,0,100,0,100,0,100,0,71,29,200,0,100,0,100,0,99,323478000000.0,99,60358218274.0,100,0,100,65535,0,1
14203,20180126,MB2,100,0,97,13465,99,26,99,277,100,15288,100,0,100,0,100,0,100,0,100,0,71,29,200,0,100,0,100,0,99,322459000000.0,99,60253110370.0,100,0,100,65535,0,1
14203,20180125,MB2,100,0,97,13441,99,26,99,276,100,15288,100,0,100,0,100,0,100,0,100,0,71,29,200,0,100,0,100,0,99,321483000000.0,99,60144352138.0,100,0,100,65535,0,1
14203,20180124,MB2,100,0,97,13417,99,26,99,275,100,15288,100,0,100,0,100,0,100,0,100,0,71,29,200,0,100,0,100,0,99,320466000000.0,99,60049551826.0,100,0,100,65535,0,1
36657,20180317,MB2,100,0,97,14663,99,30,99,214,100,15312,100,0,100,0,100,0,100,0,100,0,74,26,200,0,100,0,100,0,99,314344000000.0,99,31277319348.0,100,0,100,65535,0,1
36657,20180316,MB2,100,0,97,14639,99,30,99,214,100,15312,100,0,100,0,100,0,100,0,100,0,74,26,200,0,100,0,100,0,99,313756000000.0,99,31271835700.0,100,0,100,65535,0,1
36657,20180315,MB2,100,0,97,14615,99,30,99,213,100,15312,100,0,100,0,100,0,100,0,100,0,74,26,200,0,100,0,100,0,99,313158000000.0,99,31265570580.0,100,0,100,65535,0,1
36657,20180314,MB2,100,0,97,14591,99,30,99,213,100,15312,100,0,100,0,100,0,100,0,100,0,74,26,200,0,100,0,100,0,99,312483000000.0,99,31256451348.0,100,0,100,65535,0,1
36657,20180313,MB2,100,0,97,14567,99,30,99,212,100,15312,100,0,100,0,100,0,100,0,100,0,74,26,200,0,100,0,100,0,99,311871000000.0,99,31248591020.0,100,0,100,65535,0,1
36657,20180312,MB2,100,0,97,14543,99,30,99,212,100,15312,100,0,100,0,100,0,100,0,100,0,74,26,200,0,100,0,100,0,99,311198000000.0,99,31242702884.0,100,0,100,65535,0,1
48123,20190801,MB2,100,0,94,26563,99,28,99,318,100,15284,100,0,100,0,100,0,100,0,100,0,70,30,200,0,100,0,100,0,99,439820000000.0,99,11013524623.0,100,0,100,65535,0,1
48123,20190731,MB2,100,0,94,26539,99,28,99,318,100,15284,100,0,100,0,100,0,100,0,100,0,71,29,200,0,100,0,100,0,99,439793000000.0,99,11013435935.0,100,0,100,65535,0,1
48123,20190730,MB2,100,0,94,26515,99,28,99,318,100,15284,100,0,100,0,100,0,100,0,100,0,70,30,200,0,100,0,100,0,99,439775000000.0,99,11013435087.0,100,0,100,65535,0,1
48123,20190729,MB2,100,0,94,26491,99,28,99,318,100,15284,100,0,100,0,100,0,100,0,100,0,69,31,200,0,100,0,100,0,99,439751000000.0,99,11013404407.0,100,0,100,65535,0,1
48123,20190728,MB2,100,0,94,26467,99,28,99,318,100,15284,100,0,100,0,100,0,100,0,100,0,69,31,200,0,100,0,100,0,99,439723000000.0,99,11013404407.0,100,0,100,65535,0,1
48123,20190727,MB2,100,0,94,26443,99,28,99,318,100,15284,100,0,100,0,100,0,100,0,100,0,69,31,200,0,100,0,100,0,99,439695000000.0,99,11013404407.0,100,0,100,65535,0,1
12778,20191219,MB2,100,0,94,29207,99,31,98,473,100,15277,100,0,100,0,100,0,100,0,100,0,69,31,200,0,100,0,100,0,99,1185530000000.0,99,805687000000.0,100,0,100,65535,0,1
12778,20191218,MB2,100,0,94,29183,99,31,98,472,100,15277,100,0,100,0,100,0,100,0,100,0,70,30,200,0,100,0,100,0,99,1184220000000.0,99,804843000000.0,100,0,100,65535,0,1
12778,20191217,MB2,100,0,94,29161,99,31,98,471,100,15277,100,0,100,0,100,0,100,0,100,0,69,31,200,0,100,0,100,0,99,1182860000000.0,99,803942000000.0,100,0,100,65535,0,1
12778,20191216,MB2,100,0,94,29137,99,31,98,470,100,15277,100,0,100,0,100,0,100,0,100,0,69,31,200,0,100,0,100,0,99,1181390000000.0,99,803004000000.0,100,0,100,65535,0,1
12778,20191215,MB2,100,0,94,29113,99,31,98,469,100,15277,100,0,100,0,100,0,100,0,100,0,69,31,200,0,100,0,100,0,99,1179960000000.0,99,802098000000.0,100,0,100,65535,0,1
12778,20191214,MB2,100,0,94,29089,99,31,98,468,100,15277,100,0,100,0,100,0,100,0,100,0,69,31,200,0,100,0,100,0,99,1178530000000.0,99,801184000000.0,100,0,100,65535,0,1
11939,20190714,MB2,100,0,94,26106,99,31,99,216,100,15328,100,0,100,0,100,0,100,0,100,0,69,31,200,0,100,0,100,0,99,332686000000.0,99,11467592633.0,100,0,100,65535,0,1
11939,20190713,MB2,100,0,94,26082,99,31,99,216,100,15328,100,0,100,0,100,0,100,0,100,0,71,29,200,0,100,0,100,0,99,332674000000.0,99,11467591433.0,100,0,100,65535,0,1
11939,20190712,MB2,100,0,94,26058,99,31,99,215,100,15328,100,0,100,0,100,0,100,0,100,0,71,29,200,0,100,0,100,0,99,332661000000.0,99,11467588641.0,100,0,100,65535,0,1
11939,20190711,MB2,100,0,94,26034,99,31,99,215,100,15328,100,0,100,0,100,0,100,0,100,0,71,29,200,0,100,0,100,0,99,332647000000.0,99,11467578153.0,100,0,100,65535,0,1
11939,20190710,MB2,100,0,94,26010,99,31,99,215,100,15328,100,0,100,0,100,0,100,0,100,0,71,29,200,0,100,0,100,0,99,332571000000.0,99,11467118681.0,100,0,100,65535,0,1
11939,20190709,MB2,100,0,94,25986,99,31,99,215,100,15328,100,0,100,0,100,0,100,0,100,0,70,30,200,0,100,0,100,0,99,332437000000.0,99,11466116377.0,100,0,100,65535,0,1
44509,20180418,MB2,100,0,96,15618,99,24,99,100,100,15318,100,0,100,0,100,0,100,0,100,0,71,29,200,0,100,0,100,0,99,240635000000.0,99,7642397119.0,100,0,100,65535,0,1
44509,20180417,MB2,100,0,96,15594,99,24,99,100,100,15318,100,0,100,0,100,0,100,0,100,0,71,29,200,0,100,0,100,0,99,239976000000.0,99,7637452975.0,100,0,100,65535,0,1
44509,20180416,MB2,100,0,96,15570,99,24,99,99,100,15318,100,0,100,0,100,0,100,0,100,0,72,28,200,0,100,0,100,0,99,239359000000.0,99,7631514679.0,100,0,100,65535,0,1
44509,20180415,MB2,100,0,96,15546,99,24,99,99,100,15318,100,0,100,0,100,0,100,0,100,0,72,28,200,0,100,0,100,0,99,238811000000.0,99,7628014487.0,100,0,100,65535,0,1
44509,20180414,MB2,100,0,96,15522,99,24,99,99,100,15318,100,0,100,0,100,0,100,0,100,0,72,28,200,0,100,0,100,0,99,238291000000.0,99,7624452391.0,100,0,100,65535,0,1
44509,20180413,MB2,100,0,96,15498,99,24,99,98,100,15318,100,0,100,0,100,0,100,0,100,0,72,28,200,0,100,0,100,0,99,237744000000.0,99,7619896719.0,100,0,100,65535,0,1
45016,20181127,MB2,100,0,95,20970,99,26,99,228,100,15252,100,0,100,0,100,0,100,0,100,0,72,28,200,0,100,0,100,0,99,343551000000.0,99,4457308269.0,100,0,100,65535,0,1
45016,20181126,MB2,100,0,95,20946,99,26,99,228,100,15252,100,0,100,0,100,0,100,0,100,0,72,28,200,0,100,0,100,0,99,342913000000.0,99,4456996517.0,100,0,100,65535,0,1
45016,20181125,MB2,100,0,95,20922,99,26,99,227,100,15252,100,0,100,0,100,0,100,0,100,0,72,28,200,0,100,0,100,0,99,342238000000.0,99,4453915389.0,100,0,100,65535,0,1
45016,20181124,MB2,100,0,95,20898,99,26,99,227,100,15252,100,0,100,0,100,0,100,0,100,0,72,28,200,0,100,0,100,0,99,341614000000.0,99,4450941021.0,100,0,100,65535,0,1
45016,20181123,MB2,100,0,95,20874,99,26,99,226,100,15252,100,0,100,0,100,0,100,0,100,0,72,28,200,0,100,0,100,0,99,340950000000.0,99,4449997461.0,100,0,100,65535,0,1
45016,20181122,MB2,100,0,95,20850,99,26,99,225,100,15252,100,0,100,0,100,0,100,0,100,0,72,28,200,0,100,0,100,0,99,340268000000.0,99,4448754933.0,100,0,100,65535,0,1
23906,20180812,MB2,100,0,96,18433,99,25,99,93,100,15346,100,0,100,0,100,0,100,0,100,0,72,28,200,0,100,0,100,0,99,170606000000.0,99,2753027623.0,100,0,100,65535,0,1
23906,20180811,MB2,100,0,96,18409,99,25,99,92,100,15346,100,0,100,0,100,0,100,0,100,0,72,28,200,0,100,0,100,0,99,170208000000.0,99,2752716639.0,100,0,100,65535,0,1
23906,20180810,MB2,100,0,96,18385,99,25,99,92,100,15346,100,0,100,0,100,0,100,0,100,0,72,28,200,0,100,0,100,0,99,169803000000.0,99,2752253927.0,100,0,100,65535,0,1
23906,20180809,MB2,100,0,96,18361,99,25,99,91,100,15346,100,0,100,0,100,0,100,0,100,0,72,28,200,0,100,0,100,0,99,169421000000.0,99,2751778711.0,100,0,100,65535,0,1
23906,20180808,MB2,100,0,96,18337,99,25,99,91,100,15346,100,0,100,0,100,0,100,0,100,0,72,28,200,0,100,0,100,0,99,169004000000.0,99,2751419607.0,100,0,100,65535,0,1
23906,20180807,MB2,100,0,96,18313,99,25,99,91,100,15346,100,0,100,0,100,0,100,0,100,0,72,28,200,0,100,0,100,0,99,168718000000.0,99,2751100255.0,100,0,100,65535,0,1
