disk_id,ds,model,n_1,r_1,n_5,r_5,n_9,r_9,n_12,r_12,n_170,r_170,n_171,r_171,n_172,r_172,n_173,r_173,n_174,r_174,n_180,r_180,n_183,r_183,n_184,r_184,n_187,r_187,n_188,r_188,n_194,r_194,n_195,r_195,n_196,r_196,n_197,r_197,n_198,r_198,n_199,r_199,n_206,r_206,n_211,r_211,is_null,is_broken
15560,20190614,MC2,100,4,100,51,100,17181,100,35,100,51,100,0,100,0,90,349,100,23,0,7615,100,0,100,0,100,0,100,24,46,54,100,4,100,51,100,0,100,2,100,0,100,0,-1,-1,0,1
-1,-1,-1,-1,-1,-1,-1,-1,-1,-1,-1,-1,-1,-1,-1,-1,-1,-1,-1,-1,-1,-1,-1,-1,-1,-1,-1,-1,-1,-1,-1,-1,-1,-1,-1,-1,-1,-1,-1,-1,-1,-1,-1,-1,-1,-1,-1,1,1
15560,20190612,MC2,100,4,100,51,100,17133,100,35,100,51,100,0,100,0,90,348,100,23,0,7615,100,0,100,0,100,0,100,24,44,56,100,4,100,51,100,0,100,0,100,0,100,0,-1,-1,0,1
15560,20190611,MC2,100,4,100,51,100,17109,100,35,100,51,100,0,100,0,90,347,100,23,0,7615,100,0,100,0,100,0,100,24,45,55,100,4,100,51,100,0,100,0,100,0,100,0,-1,-1,0,1
15560,20190610,MC2,100,4,100,51,100,17085,100,35,100,51,100,0,100,0,90,346,100,23,0,7615,100,0,100,0,100,0,100,24,46,54,100,4,100,51,100,0,100,0,100,0,100,0,-1,-1,0,1
15560,20190609,MC2,100,4,100,51,100,17061,100,35,100,51,100,0,100,0,90,345,100,23,0,7615,100,0,100,0,100,0,100,24,47,53,100,4,100,51,100,0,100,0,100,0,100,0,-1,-1,0,1
15560,20190608,MC2,100,4,100,51,100,17037,100,35,100,51,100,0,100,0,90,345,100,23,0,7615,100,0,100,0,100,0,100,24,46,54,100,4,100,51,100,0,100,0,100,0,100,0,-1,-1,0,1
12213,20181007,MC2,100,2,100,6,100,736,100,2,100,6,100,0,100,0,100,9,100,1,0,7660,100,0,100,0,100,2,100,2,54,46,100,0,100,6,100,0,100,0,100,0,100,0,-1,-1,0,1
12213,20181006,MC2,100,0,100,2,100,712,100,2,100,2,100,0,100,0,100,9,100,1,0,7664,100,0,100,0,100,0,100,2,54,46,100,0,100,2,100,0,100,0,100,0,100,0,-1,-1,0,1
12213,20181005,MC2,100,0,100,2,100,688,100,2,100,2,100,0,100,0,100,9,100,1,0,7664,100,0,100,0,100,0,100,2,54,46,100,0,100,2,100,0,100,0,100,0,100,0,-1,-1,0,1
12213,20181004,MC2,100,0,100,2,100,664,100,2,100,2,100,0,100,0,100,9,100,1,0,7664,100,0,100,0,100,0,100,2,54,46,100,0,100,2,100,0,100,0,100,0,100,0,-1,-1,0,1
12213,20181003,MC2,100,0,100,2,100,640,100,2,100,2,100,0,100,0,100,8,100,1,0,7664,100,0,100,0,100,0,100,2,53,47,100,0,100,2,100,0,100,0,100,0,100,0,-1,-1,0,1
12213,20181002,MC2,100,0,100,2,100,616,100,2,100,2,100,0,100,0,100,8,100,1,0,7664,100,0,100,0,100,0,100,2,54,46,100,0,100,2,100,0,100,0,100,0,100,0,-1,-1,0,1
12213,20181001,MC2,100,0,100,2,100,592,100,2,100,2,100,0,100,0,100,8,100,1,0,7664,100,0,100,0,100,0,100,2,54,46,100,0,100,2,100,0,100,0,100,0,100,0,-1,-1,0,1
-1,-1,-1,-1,-1,-1,-1,-1,-1,-1,-1,-1,-1,-1,-1,-1,-1,-1,-1,-1,-1,-1,-1,-1,-1,-1,-1,-1,-1,-1,-1,-1,-1,-1,-1,-1,-1,-1,-1,-1,-1,-1,-1,-1,-1,-1,-1,1,1
4375,20181126,MC2,100,0,100,10,100,1979,100,26,100,10,100,0,100,0,99,52,100,23,0,7656,100,0,100,0,100,0,100,28,55,45,100,0,100,10,100,0,100,0,100,0,100,0,-1,-1,0,1
4375,20181125,MC2,100,0,100,10,100,1955,100,26,100,10,100,0,100,0,99,51,100,23,0,7656,100,0,100,0,100,0,100,28,55,45,100,0,100,10,100,0,100,0,100,0,100,0,-1,-1,0,1
4375,20181124,MC2,100,0,100,2,100,1931,100,26,100,2,100,0,100,0,99,51,100,23,0,7664,100,0,100,0,100,0,100,28,56,44,100,0,100,2,100,0,100,0,100,0,100,0,-1,-1,0,1
4375,20181123,MC2,100,0,100,2,100,1907,100,26,100,2,100,0,100,0,99,50,100,23,0,7664,100,0,100,0,100,0,100,28,57,43,100,0,100,2,100,0,100,0,100,0,100,0,-1,-1,0,1
4375,20181122,MC2,100,0,100,2,100,1883,100,26,100,2,100,0,100,0,99,50,100,23,0,7664,100,0,100,0,100,0,100,28,57,43,100,0,100,2,100,0,100,0,100,0,100,0,-1,-1,0,1
4375,20181121,MC2,100,0,100,2,100,1859,100,26,100,2,100,0,100,0,99,50,100,23,0,7664,100,0,100,0,100,0,100,28,58,42,100,0,100,2,100,0,100,0,100,0,100,0,-1,-1,0,1
20141,20181010,MC2,100,1,100,1,100,1406,100,11,100,1,100,0,100,0,100,26,100,10,0,7665,100,0,100,0,100,0,100,17,55,45,100,1,100,1,100,0,100,0,100,0,100,0,-1,-1,0,1
20141,20181009,MC2,100,1,100,1,100,1382,100,11,100,1,100,0,100,0,100,26,100,10,0,7665,100,0,100,0,100,0,100,17,54,46,100,1,100,1,100,0,100,0,100,0,100,0,-1,-1,0,1
20141,20181008,MC2,100,1,100,1,100,1358,100,11,100,1,100,0,100,0,100,26,100,10,0,7665,100,0,100,0,100,0,100,17,55,45,100,1,100,1,100,0,100,0,100,0,100,0,-1,-1,0,1
20141,20181007,MC2,100,1,100,1,100,1334,100,11,100,1,100,0,100,0,100,26,100,10,0,7665,100,0,100,0,100,0,100,17,55,45,100,1,100,1,100,0,100,0,100,0,100,0,-1,-1,0,1
20141,20181006,MC2,100,1,100,1,100,1310,100,11,100,1,100,0,100,0,100,25,100,10,0,7665,100,0,100,0,100,0,100,17,54,46,100,1,100,1,100,0,100,0,100,0,100,0,-1,-1,0,1
20141,20181005,MC2,100,1,100,1,100,1286,100,11,100,1,100,0,100,0,100,25,100,10,0,7665,100,0,100,0,100,0,100,17,54,46,100,1,100,1,100,0,100,0,100,0,100,0,-1,-1,0,1
20141,20181004,MC2,100,1,100,1,100,1262,100,11,100,1,100,0,100,0,100,25,100,10,0,7665,100,0,100,0,100,0,100,17,55,45,100,1,100,1,100,0,100,0,100,0,100,0,-1,-1,0,1
-1,-1,-1,-1,-1,-1,-1,-1,-1,-1,-1,-1,-1,-1,-1,-1,-1,-1,-1,-1,-1,-1,-1,-1,-1,-1,-1,-1,-1,-1,-1,-1,-1,-1,-1,-1,-1,-1,-1,-1,-1,-1,-1,-1,-1,-1,-1,1,1
68,20191102,MC2,100,0,100,1,100,10719,100,13,100,1,100,0,100,0,95,166,100,10,0,7665,100,0,100,0,100,0,100,15,55,45,100,0,100,1,100,0,100,0,100,0,100,0,-1,-1,0,1
68,20191101,MC2,100,0,100,1,100,10695,100,13,100,1,100,0,100,0,95,166,100,10,0,7665,100,0,100,0,100,0,100,15,55,45,100,0,100,1,100,0,100,0,100,0,100,0,-1,-1,0,1
68,20191031,MC2,100,0,100,1,100,10671,100,13,100,1,100,0,100,0,95,166,100,10,0,7665,100,0,100,0,100,0,100,15,55,45,100,0,100,1,100,0,100,0,100,0,100,0,-1,-1,0,1
68,20191030,MC2,100,0,100,1,100,10647,100,13,100,1,100,0,100,0,95,165,100,10,0,7665,100,0,100,0,100,0,100,15,55,45,100,0,100,1,100,0,100,0,100,0,100,0,-1,-1,0,1
68,20191029,MC2,100,0,100,1,100,10623,100,13,100,1,100,0,100,0,95,165,100,10,0,7665,100,0,100,0,100,0,100,15,55,45,100,0,100,1,100,0,100,0,100,0,100,0,-1,-1,0,1
68,20191028,MC2,100,0,100,1,100,10599,100,13,100,1,100,0,100,0,95,165,100,10,0,7665,100,0,100,0,100,0,100,15,55,45,100,0,100,1,100,0,100,0,100,0,100,0,-1,-1,0,1
2912,20181122,MC2,100,1,100,4,100,2440,100,29,100,4,100,2,100,0,99,35,100,26,0,7662,100,0,100,0,100,0,100,30,58,42,100,1,100,4,100,0,100,1,100,0,100,2,-1,-1,0,1
2912,20181121,MC2,100,1,100,4,100,2416,100,29,100,4,100,2,100,0,99,34,100,26,0,7662,100,0,100,0,100,0,100,30,57,43,100,1,100,4,100,0,100,1,100,0,100,2,-1,-1,0,1
2912,20181120,MC2,100,1,100,4,100,2392,100,29,100,4,100,2,100,0,99,34,100,26,0,7662,100,0,100,0,100,0,100,30,56,44,100,1,100,4,100,0,100,1,100,0,100,2,-1,-1,0,1
2912,20181119,MC2,100,1,100,4,100,2368,100,29,100,4,100,2,100,0,99,34,100,26,0,7662,100,0,100,0,100,0,100,30,55,45,100,1,100,4,100,0,100,1,100,0,100,2,-1,-1,0,1
2912,20181118,MC2,100,1,100,4,100,2344,100,29,100,4,100,2,100,0,99,33,100,26,0,7662,100,0,100,0,100,0,100,30,56,44,100,1,100,4,100,0,100,1,100,0,100,2,-1,-1,0,1
2912,20181117,MC2,100,1,100,4,100,2320,100,29,100,4,100,2,100,0,99,33,100,26,0,7662,100,0,100,0,100,0,100,30,55,45,100,1,100,4,100,0,100,1,100,0,100,2,-1,-1,0,1
2912,20181116,MC2,100,1,100,4,100,2296,100,29,100,4,100,2,100,0,99,33,100,26,0,7662,100,0,100,0,100,0,100,30,55,45,100,1,100,4,100,0,100,1,100,0,100,2,-1,-1,0,1
-1,-1,-1,-1,-1,-1,-1,-1,-1,-1,-1,-1,-1,-1,-1,-1,-1,-1,-1,-1,-1,-1,-1,-1,-1,-1,-1,-1,-1,-1,-1,-1,-1,-1,-1,-1,-1,-1,-1,-1,-1,-1,-1,-1,-1,-1,-1,1,1
-1,-1,-1,-1,-1,-1,-1,-1,-1,-1,-1,-1,-1,-1,-1,-1,-1,-1,-1,-1,-1,-1,-1,-1,-1,-1,-1,-1,-1,-1,-1,-1,-1,-1,-1,-1,-1,-1,-1,-1,-1,-1,-1,-1,-1,-1,-1,1,1
6490,20191114,MC2,100,0,100,5,100,11009,100,16,100,5,100,1,100,0,96,162,100,11,0,7661,100,0,100,0,100,0,100,16,56,44,100,0,100,5,100,0,100,0,100,0,100,1,-1,-1,0,1
6490,20191113,MC2,100,0,100,5,100,10985,100,16,100,5,100,1,100,0,96,162,100,11,0,7661,100,0,100,0,100,0,100,16,56,44,100,0,100,5,100,0,100,0,100,0,100,1,-1,-1,0,1
-1,-1,-1,-1,-1,-1,-1,-1,-1,-1,-1,-1,-1,-1,-1,-1,-1,-1,-1,-1,-1,-1,-1,-1,-1,-1,-1,-1,-1,-1,-1,-1,-1,-1,-1,-1,-1,-1,-1,-1,-1,-1,-1,-1,-1,-1,-1,1,1
-1,-1,-1,-1,-1,-1,-1,-1,-1,-1,-1,-1,-1,-1,-1,-1,-1,-1,-1,-1,-1,-1,-1,-1,-1,-1,-1,-1,-1,-1,-1,-1,-1,-1,-1,-1,-1,-1,-1,-1,-1,-1,-1,-1,-1,-1,-1,1,1
-1,-1,-1,-1,-1,-1,-1,-1,-1,-1,-1,-1,-1,-1,-1,-1,-1,-1,-1,-1,-1,-1,-1,-1,-1,-1,-1,-1,-1,-1,-1,-1,-1,-1,-1,-1,-1,-1,-1,-1,-1,-1,-1,-1,-1,-1,-1,1,1
-1,-1,-1,-1,-1,-1,-1,-1,-1,-1,-1,-1,-1,-1,-1,-1,-1,-1,-1,-1,-1,-1,-1,-1,-1,-1,-1,-1,-1,-1,-1,-1,-1,-1,-1,-1,-1,-1,-1,-1,-1,-1,-1,-1,-1,-1,-1,1,1
3237,20181013,MC2,100,1,100,4,100,1504,100,24,100,4,100,0,100,0,99,46,100,19,0,7662,100,0,100,0,100,1,100,25,53,47,100,0,100,4,100,0,100,0,100,0,100,0,-1,-1,0,1
3237,20181012,MC2,100,0,100,0,100,1480,100,24,100,0,100,0,100,0,99,45,100,19,0,7666,100,0,100,0,100,0,100,25,54,46,100,0,100,0,100,0,100,0,100,0,100,0,-1,-1,0,1
3237,20181011,MC2,100,0,100,0,100,1456,100,24,100,0,100,0,100,0,99,45,100,19,0,7666,100,0,100,0,100,0,100,25,54,46,100,0,100,0,100,0,100,0,100,0,100,0,-1,-1,0,1
3237,20181010,MC2,100,0,100,0,100,1433,100,20,100,0,100,0,100,0,99,45,100,19,0,7666,100,0,100,0,100,0,100,25,54,46,100,0,100,0,100,0,100,0,100,0,100,0,-1,-1,0,1
3237,20181009,MC2,100,0,100,0,100,1409,100,20,100,0,100,0,100,0,99,44,100,19,0,7666,100,0,100,0,100,0,100,25,53,47,100,0,100,0,100,0,100,0,100,0,100,0,-1,-1,0,1
3237,20181008,MC2,100,0,100,0,100,1385,100,20,100,0,100,0,100,0,99,44,100,19,0,7666,100,0,100,0,100,0,100,25,53,47,100,0,100,0,100,0,100,0,100,0,100,0,-1,-1,0,1
-1,-1,-1,-1,-1,-1,-1,-1,-1,-1,-1,-1,-1,-1,-1,-1,-1,-1,-1,-1,-1,-1,-1,-1,-1,-1,-1,-1,-1,-1,-1,-1,-1,-1,-1,-1,-1,-1,-1,-1,-1,-1,-1,-1,-1,-1,-1,1,1
1045,20190120,MC2,100,0,100,10,100,3856,100,14,100,10,100,0,100,0,99,62,100,11,0,7656,100,0,100,0,100,0,100,20,55,45,100,0,100,10,100,0,100,0,100,0,100,0,-1,-1,0,1
1045,20190119,MC2,100,0,100,10,100,3832,100,14,100,10,100,0,100,0,99,61,100,11,0,7656,100,0,100,0,100,0,100,20,55,45,100,0,100,10,100,0,100,0,100,0,100,0,-1,-1,0,1
1045,20190118,MC2,100,0,100,10,100,3808,100,14,100,10,100,0,100,0,99,61,100,11,0,7656,100,0,100,0,100,0,100,20,55,45,100,0,100,10,100,0,100,0,100,0,100,0,-1,-1,0,1
1045,20190117,MC2,100,0,100,10,100,3784,100,14,100,10,100,0,100,0,99,60,100,11,0,7656,100,0,100,0,100,0,100,20,55,45,100,0,100,10,100,0,100,0,100,0,100,0,-1,-1,0,1
1045,20190116,MC2,100,0,100,10,100,3760,100,14,100,10,100,0,100,0,99,60,100,11,0,7656,100,0,100,0,100,0,100,20,56,44,100,0,100,10,100,0,100,0,100,0,100,0,-1,-1,0,1
1045,20190115,MC2,100,0,100,10,100,3736,100,14,100,10,100,0,100,0,99,60,100,11,0,7656,100,0,100,0,100,0,100,20,55,45,100,0,100,10,100,0,100,0,100,0,100,0,-1,-1,0,1
5123,20180929,MC2,100,5,100,5,100,1136,100,13,100,5,100,0,100,0,100,23,100,12,0,7661,100,0,100,0,100,4,100,17,58,42,100,1,100,5,100,0,100,0,100,0,100,0,-1,-1,0,1
5123,20180928,MC2,100,1,100,1,100,1112,100,13,100,1,100,0,100,0,100,23,100,12,0,7665,100,0,100,0,100,0,100,17,58,42,100,1,100,1,100,0,100,0,100,0,100,0,-1,-1,0,1
5123,20180927,MC2,100,1,100,1,100,1088,100,13,100,1,100,0,100,0,100,23,100,12,0,7665,100,0,100,0,100,0,100,17,58,42,100,1,100,1,100,0,100,0,100,0,100,0,-1,-1,0,1
5123,20180926,MC2,100,1,100,1,100,1064,100,13,100,1,100,0,100,0,100,23,100,12,0,7665,100,0,100,0,100,0,100,17,58,42,100,1,100,1,100,0,100,0,100,0,100,0,-1,-1,0,1
5123,20180925,MC2,100,1,100,1,100,1040,100,13,100,1,100,0,100,0,100,22,100,12,0,7665,100,0,100,0,100,0,100,17,57,43,100,1,100,1,100,0,100,0,100,0,100,0,-1,-1,0,1
5123,20180924,MC2,100,1,100,1,100,1016,100,13,100,1,100,0,100,0,100,22,100,12,0,7665,100,0,100,0,100,0,100,17,57,43,100,1,100,1,100,0,100,0,100,0,100,0,-1,-1,0,1
5123,20180923,MC2,100,1,100,1,100,992,100,13,100,1,100,0,100,0,100,22,100,12,0,7665,100,0,100,0,100,0,100,17,57,43,100,1,100,1,100,0,100,0,100,0,100,0,-1,-1,0,1
-1,-1,-1,-1,-1,-1,-1,-1,-1,-1,-1,-1,-1,-1,-1,-1,-1,-1,-1,-1,-1,-1,-1,-1,-1,-1,-1,-1,-1,-1,-1,-1,-1,-1,-1,-1,-1,-1,-1,-1,-1,-1,-1,-1,-1,-1,-1,1,1
3228,20191129,MC2,100,0,100,0,100,11359,100,13,100,0,100,0,100,0,95,174,100,10,0,7666,100,0,100,0,100,0,100,17,55,45,100,0,100,0,100,0,100,0,100,0,100,0,-1,-1,0,1
3228,20191128,MC2,100,0,100,0,100,11335,100,13,100,0,100,0,100,0,95,174,100,10,0,7666,100,0,100,0,100,0,100,17,56,44,100,0,100,0,100,0,100,0,100,0,100,0,-1,-1,0,1
3228,20191127,MC2,100,0,100,0,100,11310,100,13,100,0,100,0,100,0,95,174,100,10,0,7666,100,0,100,0,100,0,100,17,55,45,100,0,100,0,100,0,100,0,100,0,100,0,-1,-1,0,1
3228,20191126,MC2,100,0,100,0,100,11286,100,13,100,0,100,0,100,0,95,173,100,10,0,7666,100,0,100,0,100,0,100,17,56,44,100,0,100,0,100,0,100,0,100,0,100,0,-1,-1,0,1
3228,20191125,MC2,100,0,100,0,100,11263,100,13,100,0,100,0,100,0,95,173,100,10,0,7666,100,0,100,0,100,0,100,17,55,45,100,0,100,0,100,0,100,0,100,0,100,0,-1,-1,0,1
3228,20191124,MC2,100,0,100,0,100,11239,100,13,100,0,100,0,100,0,95,173,100,10,0,7666,100,0,100,0,100,0,100,17,55,45,100,0,100,0,100,0,100,0,100,0,100,0,-1,-1,0,1
18241,20181009,MC2,100,10612,100,2,100,1394,100,18,100,2,100,0,100,0,100,32,100,17,0,7664,100,0,100,0,100,10611,100,25,56,44,100,1,100,2,100,0,100,0,100,0,100,0,-1,-1,0,1
18241,20181008,MC2,100,184,100,2,100,1370,100,18,100,2,100,0,100,0,100,27,100,17,0,7664,100,0,100,0,100,183,100,25,56,44,100,1,100,2,100,0,100,0,100,0,100,0,-1,-1,0,1
18241,20181007,MC2,100,0,100,0,100,1346,100,18,100,0,100,0,100,0,100,26,100,17,0,7666,100,0,100,0,100,0,100,25,57,43,100,0,100,0,100,0,100,0,100,0,100,0,-1,-1,0,1
18241,20181006,MC2,100,0,100,0,100,1322,100,18,100,0,100,0,100,0,100,26,100,17,0,7666,100,0,100,0,100,0,100,25,56,44,100,0,100,0,100,0,100,0,100,0,100,0,-1,-1,0,1
18241,20181005,MC2,100,0,100,0,100,1298,100,18,100,0,100,0,100,0,100,26,100,17,0,7666,100,0,100,0,100,0,100,25,57,43,100,0,100,0,100,0,100,0,100,0,100,0,-1,-1,0,1
18241,20181004,MC2,100,0,100,0,100,1274,100,18,100,0,100,0,100,0,100,26,100,17,0,7666,100,0,100,0,100,0,100,25,56,44,100,0,100,0,100,0,100,0,100,0,100,0,-1,-1,0,1
18241,20181003,MC2,100,0,100,0,100,1250,100,18,100,0,100,0,100,0,100,25,100,17,0,7666,100,0,100,0,100,0,100,25,56,44,100,0,100,0,100,0,100,0,100,0,100,0,-1,-1,0,1
2008,20181008,MC2,100,0,100,0,100,1352,100,11,100,0,100,0,100,0,100,26,100,10,0,7666,100,0,100,0,100,0,100,17,58,42,100,0,100,0,100,0,100,0,100,0,100,0,-1,-1,0,1
2008,20181007,MC2,100,0,100,0,100,1328,100,11,100,0,100,0,100,0,100,26,100,10,0,7666,100,0,100,0,100,0,100,17,59,41,100,0,100,0,100,0,100,0,100,0,100,0,-1,-1,0,1
2008,20181006,MC2,100,0,100,0,100,1304,100,11,100,0,100,0,100,0,100,26,100,10,0,7666,100,0,100,0,100,0,100,17,59,41,100,0,100,0,100,0,100,0,100,0,100,0,-1,-1,0,1
2008,20181005,MC2,100,0,100,0,100,1280,100,11,100,0,100,0,100,0,100,26,100,10,0,7666,100,0,100,0,100,0,100,17,59,41,100,0,100,0,100,0,100,0,100,0,100,0,-1,-1,0,1
2008,20181004,MC2,100,0,100,0,100,1256,100,11,100,0,100,0,100,0,100,25,100,10,0,7666,100,0,100,0,100,0,100,17,57,43,100,0,100,0,100,0,100,0,100,0,100,0,-1,-1,0,1
2008,20181003,MC2,100,0,100,0,100,1232,100,11,100,0,100,0,100,0,100,24,100,10,0,7666,100,0,100,0,100,0,100,17,57,43,100,0,100,0,100,0,100,0,100,0,100,0,-1,-1,0,1
2008,20181002,MC2,100,0,100,0,100,1208,100,11,100,0,100,0,100,0,100,24,100,10,0,7666,100,0,100,0,100,0,100,17,57,43,100,0,100,0,100,0,100,0,100,0,100,0,-1,-1,0,1
-1,-1,-1,-1,-1,-1,-1,-1,-1,-1,-1,-1,-1,-1,-1,-1,-1,-1,-1,-1,-1,-1,-1,-1,-1,-1,-1,-1,-1,-1,-1,-1,-1,-1,-1,-1,-1,-1,-1,-1,-1,-1,-1,-1,-1,-1,-1,1,1
-1,-1,-1,-1,-1,-1,-1,-1,-1,-1,-1,-1,-1,-1,-1,-1,-1,-1,-1,-1,-1,-1,-1,-1,-1,-1,-1,-1,-1,-1,-1,-1,-1,-1,-1,-1,-1,-1,-1,-1,-1,-1,-1,-1,-1,-1,-1,1,1
-1,-1,-1,-1,-1,-1,-1,-1,-1,-1,-1,-1,-1,-1,-1,-1,-1,-1,-1,-1,-1,-1,-1,-1,-1,-1,-1,-1,-1,-1,-1,-1,-1,-1,-1,-1,-1,-1,-1,-1,-1,-1,-1,-1,-1,-1,-1,1,1
-1,-1,-1,-1,-1,-1,-1,-1,-1,-1,-1,-1,-1,-1,-1,-1,-1,-1,-1,-1,-1,-1,-1,-1,-1,-1,-1,-1,-1,-1,-1,-1,-1,-1,-1,-1,-1,-1,-1,-1,-1,-1,-1,-1,-1,-1,-1,1,1
-1,-1,-1,-1,-1,-1,-1,-1,-1,-1,-1,-1,-1,-1,-1,-1,-1,-1,-1,-1,-1,-1,-1,-1,-1,-1,-1,-1,-1,-1,-1,-1,-1,-1,-1,-1,-1,-1,-1,-1,-1,-1,-1,-1,-1,-1,-1,1,1
-1,-1,-1,-1,-1,-1,-1,-1,-1,-1,-1,-1,-1,-1,-1,-1,-1,-1,-1,-1,-1,-1,-1,-1,-1,-1,-1,-1,-1,-1,-1,-1,-1,-1,-1,-1,-1,-1,-1,-1,-1,-1,-1,-1,-1,-1,-1,1,1
974,20191207,MC2,100,0,100,1,100,11557,100,15,100,1,100,0,100,0,95,179,100,12,0,7665,100,0,100,0,100,0,100,20,56,44,100,0,100,1,100,0,100,0,100,0,100,0,-1,-1,0,1
4507,20181011,MC2,100,0,100,3,100,1459,100,22,100,3,100,0,100,0,100,26,100,19,0,7663,100,0,100,0,100,0,100,33,64,36,100,0,100,3,100,0,100,0,100,0,100,0,-1,-1,0,1
4507,20181010,MC2,100,129,100,3,100,1435,100,20,100,3,100,0,100,0,100,25,100,19,0,7663,100,0,100,0,100,129,100,33,64,36,100,0,100,3,100,0,100,0,100,0,100,0,-1,-1,0,1
4507,20181009,MC2,100,0,100,0,100,1411,100,20,100,0,100,0,100,0,100,25,100,19,0,7666,100,0,100,0,100,0,100,33,56,44,100,0,100,0,100,0,100,0,100,0,100,0,-1,-1,0,1
4507,20181008,MC2,100,0,100,0,100,1387,100,20,100,0,100,0,100,0,100,24,100,19,0,7666,100,0,100,0,100,0,100,33,56,44,100,0,100,0,100,0,100,0,100,0,100,0,-1,-1,0,1
4507,20181007,MC2,100,0,100,0,100,1363,100,20,100,0,100,0,100,0,100,24,100,19,0,7666,100,0,100,0,100,0,100,33,55,45,100,0,100,0,100,0,100,0,100,0,100,0,-1,-1,0,1
4507,20181006,MC2,100,0,100,0,100,1339,100,20,100,0,100,0,100,0,100,24,100,19,0,7666,100,0,100,0,100,0,100,33,56,44,100,0,100,0,100,0,100,0,100,0,100,0,-1,-1,0,1
4507,20181005,MC2,100,0,100,0,100,1315,100,20,100,0,100,0,100,0,100,24,100,19,0,7666,100,0,100,0,100,0,100,33,56,44,100,0,100,0,100,0,100,0,100,0,100,0,-1,-1,0,1
-1,-1,-1,-1,-1,-1,-1,-1,-1,-1,-1,-1,-1,-1,-1,-1,-1,-1,-1,-1,-1,-1,-1,-1,-1,-1,-1,-1,-1,-1,-1,-1,-1,-1,-1,-1,-1,-1,-1,-1,-1,-1,-1,-1,-1,-1,-1,1,1
-1,-1,-1,-1,-1,-1,-1,-1,-1,-1,-1,-1,-1,-1,-1,-1,-1,-1,-1,-1,-1,-1,-1,-1,-1,-1,-1,-1,-1,-1,-1,-1,-1,-1,-1,-1,-1,-1,-1,-1,-1,-1,-1,-1,-1,-1,-1,1,1
13468,20190907,MC2,100,0,100,0,100,9408,100,31,100,0,100,0,100,0,96,150,100,26,0,7666,100,0,100,0,100,0,100,27,55,45,100,0,100,0,100,0,100,0,100,0,100,0,-1,-1,0,1
13468,20190906,MC2,100,0,100,0,100,9384,100,31,100,0,100,0,100,0,96,150,100,26,0,7666,100,0,100,0,100,0,100,27,54,46,100,0,100,0,100,0,100,0,100,0,100,0,-1,-1,0,1
13468,20190905,MC2,100,0,100,0,100,9360,100,31,100,0,100,0,100,0,96,149,100,26,0,7666,100,0,100,0,100,0,100,27,55,45,100,0,100,0,100,0,100,0,100,0,100,0,-1,-1,0,1
13468,20190904,MC2,100,0,100,0,100,9336,100,31,100,0,100,0,100,0,96,149,100,26,0,7666,100,0,100,0,100,0,100,27,54,46,100,0,100,0,100,0,100,0,100,0,100,0,-1,-1,0,1
13468,20190903,MC2,100,0,100,0,100,9312,100,31,100,0,100,0,100,0,96,149,100,26,0,7666,100,0,100,0,100,0,100,27,54,46,100,0,100,0,100,0,100,0,100,0,100,0,-1,-1,0,1
5452,20191207,MC2,100,0,100,0,100,9961,100,51,100,0,100,0,100,0,94,220,100,47,0,7666,100,1,100,0,100,0,100,53,59,41,100,0,100,0,100,0,100,0,100,0,100,0,-1,-1,0,1
5452,20191206,MC2,100,0,100,0,100,9940,100,51,100,0,100,0,100,0,94,220,100,47,0,7666,100,0,100,0,100,0,100,52,58,42,100,0,100,0,100,0,100,0,100,0,100,0,-1,-1,0,1
5452,20191205,MC2,100,0,100,0,100,9916,100,51,100,0,100,0,100,0,94,219,100,47,0,7666,100,0,100,0,100,0,100,52,58,42,100,0,100,0,100,0,100,0,100,0,100,0,-1,-1,0,1
5452,20191204,MC2,100,0,100,0,100,9892,100,51,100,0,100,0,100,0,94,218,100,47,0,7666,100,0,100,0,100,0,100,52,59,41,100,0,100,0,100,0,100,0,100,0,100,0,-1,-1,0,1
5452,20191203,MC2,100,0,100,0,100,9868,100,51,100,0,100,0,100,0,94,218,100,47,0,7666,100,0,100,0,100,0,100,52,59,41,100,0,100,0,100,0,100,0,100,0,100,0,-1,-1,0,1
5452,20191202,MC2,100,0,100,0,100,9844,100,51,100,0,100,0,100,0,94,217,100,47,0,7666,100,0,100,0,100,0,100,52,58,42,100,0,100,0,100,0,100,0,100,0,100,0,-1,-1,0,1
5452,20191201,MC2,100,0,100,0,100,9820,100,51,100,0,100,0,100,0,94,217,100,47,0,7666,100,0,100,0,100,0,100,52,58,42,100,0,100,0,100,0,100,0,100,0,100,0,-1,-1,0,1
3572,20181104,MC2,100,6,100,2,100,2202,100,10,100,2,100,0,100,0,99,36,100,9,0,7664,100,0,100,0,100,6,100,15,62,38,100,0,100,2,100,0,100,0,100,0,100,0,-1,-1,0,1
3572,20181103,MC2,100,0,100,0,100,2178,100,10,100,0,100,0,100,0,99,35,100,9,0,7666,100,0,100,0,100,0,100,15,62,38,100,0,100,0,100,0,100,0,100,0,100,0,-1,-1,0,1
3572,20181102,MC2,100,0,100,0,100,2154,100,10,100,0,100,0,100,0,99,35,100,9,0,7666,100,0,100,0,100,0,100,15,62,38,100,0,100,0,100,0,100,0,100,0,100,0,-1,-1,0,1
3572,20181101,MC2,100,0,100,0,100,2130,100,10,100,0,100,0,100,0,99,35,100,9,0,7666,100,0,100,0,100,0,100,15,62,38,100,0,100,0,100,0,100,0,100,0,100,0,-1,-1,0,1
3572,20181031,MC2,100,0,100,0,100,2106,100,10,100,0,100,0,100,0,99,35,100,9,0,7666,100,0,100,0,100,0,100,15,63,37,100,0,100,0,100,0,100,0,100,0,100,0,-1,-1,0,1
3572,20181030,MC2,100,0,100,0,100,2082,100,10,100,0,100,0,100,0,99,35,100,9,0,7666,100,0,100,0,100,0,100,15,63,37,100,0,100,0,100,0,100,0,100,0,100,0,-1,-1,0,1
3572,20181029,MC2,100,0,100,0,100,2058,100,10,100,0,100,0,100,0,99,35,100,9,0,7666,100,0,100,0,100,0,100,15,62,38,100,0,100,0,100,0,100,0,100,0,100,0,-1,-1,0,1
-1,-1,-1,-1,-1,-1,-1,-1,-1,-1,-1,-1,-1,-1,-1,-1,-1,-1,-1,-1,-1,-1,-1,-1,-1,-1,-1,-1,-1,-1,-1,-1,-1,-1,-1,-1,-1,-1,-1,-1,-1,-1,-1,-1,-1,-1,-1,1,1
3797,20191214,MC2,100,1,100,2,100,11725,100,15,100,2,100,0,100,0,95,179,100,10,0,7664,100,0,100,0,100,0,100,18,57,43,100,1,100,2,100,0,100,0,100,0,100,0,-1,-1,0,1
3797,20191213,MC2,100,1,100,2,100,11701,100,15,100,2,100,0,100,0,95,179,100,10,0,7664,100,0,100,0,100,0,100,18,57,43,100,1,100,2,100,0,100,0,100,0,100,0,-1,-1,0,1
-1,-1,-1,-1,-1,-1,-1,-1,-1,-1,-1,-1,-1,-1,-1,-1,-1,-1,-1,-1,-1,-1,-1,-1,-1,-1,-1,-1,-1,-1,-1,-1,-1,-1,-1,-1,-1,-1,-1,-1,-1,-1,-1,-1,-1,-1,-1,1,1
-1,-1,-1,-1,-1,-1,-1,-1,-1,-1,-1,-1,-1,-1,-1,-1,-1,-1,-1,-1,-1,-1,-1,-1,-1,-1,-1,-1,-1,-1,-1,-1,-1,-1,-1,-1,-1,-1,-1,-1,-1,-1,-1,-1,-1,-1,-1,1,1
-1,-1,-1,-1,-1,-1,-1,-1,-1,-1,-1,-1,-1,-1,-1,-1,-1,-1,-1,-1,-1,-1,-1,-1,-1,-1,-1,-1,-1,-1,-1,-1,-1,-1,-1,-1,-1,-1,-1,-1,-1,-1,-1,-1,-1,-1,-1,1,1
-1,-1,-1,-1,-1,-1,-1,-1,-1,-1,-1,-1,-1,-1,-1,-1,-1,-1,-1,-1,-1,-1,-1,-1,-1,-1,-1,-1,-1,-1,-1,-1,-1,-1,-1,-1,-1,-1,-1,-1,-1,-1,-1,-1,-1,-1,-1,1,1
14514,20181027,MC2,100,0,100,2,100,1814,100,19,100,2,100,1,100,0,99,34,100,14,0,7664,100,1,100,0,100,0,100,24,56,44,100,0,100,2,100,0,100,0,100,0,100,1,-1,-1,0,1
14514,20181026,MC2,100,0,100,2,100,1790,100,19,100,2,100,1,100,0,99,33,100,14,0,7664,100,0,100,0,100,0,100,23,56,44,100,0,100,2,100,0,100,0,100,0,100,1,-1,-1,0,1
14514,20181025,MC2,100,0,100,2,100,1766,100,19,100,2,100,1,100,0,99,33,100,14,0,7664,100,0,100,0,100,0,100,23,56,44,100,0,100,2,100,0,100,0,100,0,100,1,-1,-1,0,1
14514,20181024,MC2,100,0,100,2,100,1742,100,19,100,2,100,1,100,0,100,32,100,14,0,7664,100,0,100,0,100,0,100,23,56,44,100,0,100,2,100,0,100,0,100,0,100,1,-1,-1,0,1
14514,20181023,MC2,100,0,100,2,100,1718,100,19,100,2,100,1,100,0,100,32,100,14,0,7664,100,0,100,0,100,0,100,23,56,44,100,0,100,2,100,0,100,0,100,0,100,1,-1,-1,0,1
14514,20181022,MC2,100,0,100,2,100,1694,100,19,100,2,100,1,100,0,100,32,100,14,0,7664,100,0,100,0,100,0,100,23,57,43,100,0,100,2,100,0,100,0,100,0,100,1,-1,-1,0,1
14514,20181021,MC2,100,0,100,2,100,1670,100,19,100,2,100,1,100,0,100,31,100,14,0,7664,100,0,100,0,100,0,100,23,56,44,100,0,100,2,100,0,100,0,100,0,100,1,-1,-1,0,1
-1,-1,-1,-1,-1,-1,-1,-1,-1,-1,-1,-1,-1,-1,-1,-1,-1,-1,-1,-1,-1,-1,-1,-1,-1,-1,-1,-1,-1,-1,-1,-1,-1,-1,-1,-1,-1,-1,-1,-1,-1,-1,-1,-1,-1,-1,-1,1,1
-1,-1,-1,-1,-1,-1,-1,-1,-1,-1,-1,-1,-1,-1,-1,-1,-1,-1,-1,-1,-1,-1,-1,-1,-1,-1,-1,-1,-1,-1,-1,-1,-1,-1,-1,-1,-1,-1,-1,-1,-1,-1,-1,-1,-1,-1,-1,1,1
15179,20190430,MC2,100,0,100,0,100,6226,100,22,100,0,100,0,100,0,100,19,100,20,0,7664,100,0,100,0,100,0,100,14,78,22,100,0,100,0,100,0,100,0,100,0,100,0,-1,-1,0,1
15179,20190429,MC2,100,0,100,0,100,6202,100,22,100,0,100,0,100,0,100,19,100,20,0,7664,100,0,100,0,100,0,100,14,79,21,100,0,100,0,100,0,100,0,100,0,100,0,-1,-1,0,1
15179,20190428,MC2,100,0,100,0,100,6178,100,22,100,0,100,0,100,0,100,19,100,20,0,7664,100,0,100,0,100,0,100,14,79,21,100,0,100,0,100,0,100,0,100,0,100,0,-1,-1,0,1
15179,20190427,MC2,100,0,100,0,100,6154,100,22,100,0,100,0,100,0,100,19,100,20,0,7664,100,0,100,0,100,0,100,14,79,21,100,0,100,0,100,0,100,0,100,0,100,0,-1,-1,0,1
15179,20190426,MC2,100,0,100,0,100,6130,100,22,100,0,100,0,100,0,100,19,100,20,0,7664,100,0,100,0,100,0,100,14,79,21,100,0,100,0,100,0,100,0,100,0,100,0,-1,-1,0,1
-1,-1,-1,-1,-1,-1,-1,-1,-1,-1,-1,-1,-1,-1,-1,-1,-1,-1,-1,-1,-1,-1,-1,-1,-1,-1,-1,-1,-1,-1,-1,-1,-1,-1,-1,-1,-1,-1,-1,-1,-1,-1,-1,-1,-1,-1,-1,1,1
22480,20191217,MC2,100,0,100,0,100,11796,100,15,100,0,100,0,100,0,95,180,100,10,0,7666,100,0,100,0,100,0,100,20,55,45,100,0,100,0,100,0,100,0,100,0,100,0,-1,-1,0,1
22480,20191216,MC2,100,0,100,0,100,11772,100,15,100,0,100,0,100,0,95,180,100,10,0,7666,100,0,100,0,100,0,100,20,55,45,100,0,100,0,100,0,100,0,100,0,100,0,-1,-1,0,1
22480,20191215,MC2,100,0,100,0,100,11748,100,15,100,0,100,0,100,0,95,179,100,10,0,7666,100,0,100,0,100,0,100,20,55,45,100,0,100,0,100,0,100,0,100,0,100,0,-1,-1,0,1
22480,20191214,MC2,100,0,100,0,100,11724,100,15,100,0,100,0,100,0,95,179,100,10,0,7666,100,0,100,0,100,0,100,20,54,46,100,0,100,0,100,0,100,0,100,0,100,0,-1,-1,0,1
22480,20191213,MC2,100,0,100,0,100,11700,100,15,100,0,100,0,100,0,95,179,100,10,0,7666,100,0,100,0,100,0,100,20,54,46,100,0,100,0,100,0,100,0,100,0,100,0,-1,-1,0,1
-1,-1,-1,-1,-1,-1,-1,-1,-1,-1,-1,-1,-1,-1,-1,-1,-1,-1,-1,-1,-1,-1,-1,-1,-1,-1,-1,-1,-1,-1,-1,-1,-1,-1,-1,-1,-1,-1,-1,-1,-1,-1,-1,-1,-1,-1,-1,1,1
-1,-1,-1,-1,-1,-1,-1,-1,-1,-1,-1,-1,-1,-1,-1,-1,-1,-1,-1,-1,-1,-1,-1,-1,-1,-1,-1,-1,-1,-1,-1,-1,-1,-1,-1,-1,-1,-1,-1,-1,-1,-1,-1,-1,-1,-1,-1,1,1
-1,-1,-1,-1,-1,-1,-1,-1,-1,-1,-1,-1,-1,-1,-1,-1,-1,-1,-1,-1,-1,-1,-1,-1,-1,-1,-1,-1,-1,-1,-1,-1,-1,-1,-1,-1,-1,-1,-1,-1,-1,-1,-1,-1,-1,-1,-1,1,1
19928,20190921,MC2,100,0,100,1,100,9722,100,16,100,1,100,0,100,0,96,153,100,11,0,7665,100,0,100,0,100,0,100,17,56,44,100,0,100,1,100,0,100,0,100,0,100,0,-1,-1,0,1
19928,20190920,MC2,100,0,100,1,100,9698,100,16,100,1,100,0,100,0,96,153,100,11,0,7665,100,0,100,0,100,0,100,17,56,44,100,0,100,1,100,0,100,0,100,0,100,0,-1,-1,0,1
19928,20190919,MC2,100,0,100,1,100,9674,100,16,100,1,100,0,100,0,96,152,100,11,0,7665,100,0,100,0,100,0,100,17,56,44,100,0,100,1,100,0,100,0,100,0,100,0,-1,-1,0,1
19928,20190918,MC2,100,0,100,1,100,9650,100,16,100,1,100,0,100,0,96,152,100,11,0,7665,100,0,100,0,100,0,100,17,56,44,100,0,100,1,100,0,100,0,100,0,100,0,-1,-1,0,1
19928,20190917,MC2,100,0,100,1,100,9626,100,16,100,1,100,0,100,0,96,151,100,11,0,7665,100,0,100,0,100,0,100,17,57,43,100,0,100,1,100,0,100,0,100,0,100,0,-1,-1,0,1
1666,20190112,MC2,100,0,100,0,100,3258,100,18,100,0,100,0,100,0,98,71,100,15,0,7666,100,1,100,0,100,0,100,18,56,44,100,0,100,0,100,0,100,0,100,0,100,0,-1,-1,0,1
1666,20190111,MC2,100,0,100,0,100,3234,100,18,100,0,100,0,100,0,98,71,100,15,0,7666,100,0,100,0,100,0,100,17,57,43,100,0,100,0,100,0,100,0,100,0,100,0,-1,-1,0,1
1666,20190110,MC2,100,0,100,0,100,3210,100,18,100,0,100,0,100,0,98,71,100,15,0,7666,100,0,100,0,100,0,100,17,58,42,100,0,100,0,100,0,100,0,100,0,100,0,-1,-1,0,1
1666,20190109,MC2,100,0,100,0,100,3186,100,18,100,0,100,0,100,0,98,70,100,15,0,7666,100,0,100,0,100,0,100,17,58,42,100,0,100,0,100,0,100,0,100,0,100,0,-1,-1,0,1
1666,20190108,MC2,100,0,100,0,100,3162,100,18,100,0,100,0,100,0,98,70,100,15,0,7666,100,0,100,0,100,0,100,17,58,42,100,0,100,0,100,0,100,0,100,0,100,0,-1,-1,0,1
1666,20190107,MC2,100,0,100,0,100,3138,100,18,100,0,100,0,100,0,98,69,100,15,0,7666,100,0,100,0,100,0,100,17,59,41,100,0,100,0,100,0,100,0,100,0,100,0,-1,-1,0,1
1666,20190106,MC2,100,0,100,0,100,3114,100,18,100,0,100,0,100,0,98,69,100,15,0,7666,100,0,100,0,100,0,100,17,58,42,100,0,100,0,100,0,100,0,100,0,100,0,-1,-1,0,1
10528,20180920,MC2,100,242,100,3,100,503,100,20,100,3,100,0,100,0,100,26,100,19,0,7663,100,0,100,0,100,242,100,27,58,42,100,0,100,3,100,0,100,0,100,0,100,0,-1,-1,0,1
-1,-1,-1,-1,-1,-1,-1,-1,-1,-1,-1,-1,-1,-1,-1,-1,-1,-1,-1,-1,-1,-1,-1,-1,-1,-1,-1,-1,-1,-1,-1,-1,-1,-1,-1,-1,-1,-1,-1,-1,-1,-1,-1,-1,-1,-1,-1,1,1
10528,20180918,MC2,100,0,100,0,100,455,100,20,100,0,100,0,100,0,100,25,100,19,0,7666,100,0,100,0,100,0,100,27,58,42,100,0,100,0,100,0,100,0,100,0,100,0,-1,-1,0,1
10528,20180917,MC2,100,0,100,0,100,431,100,20,100,0,100,0,100,0,100,25,100,19,0,7666,100,0,100,0,100,0,100,27,59,41,100,0,100,0,100,0,100,0,100,0,100,0,-1,-1,0,1
10528,20180916,MC2,100,0,100,0,100,407,100,20,100,0,100,0,100,0,100,24,100,19,0,7666,100,0,100,0,100,0,100,27,59,41,100,0,100,0,100,0,100,0,100,0,100,0,-1,-1,0,1
10528,20180915,MC2,100,0,100,0,100,383,100,20,100,0,100,0,100,0,100,24,100,19,0,7666,100,0,100,0,100,0,100,27,58,42,100,0,100,0,100,0,100,0,100,0,100,0,-1,-1,0,1
10528,20180914,MC2,100,0,100,0,100,359,100,20,100,0,100,0,100,0,100,24,100,19,0,7666,100,0,100,0,100,0,100,27,58,42,100,0,100,0,100,0,100,0,100,0,100,0,-1,-1,0,1
6867,20190315,MC2,100,0,100,1,100,4708,100,33,100,1,100,0,100,0,97,98,100,30,0,7665,100,0,100,0,100,0,100,27,57,43,100,0,100,1,100,0,100,0,100,0,100,0,-1,-1,0,1
6867,20190314,MC2,100,0,100,1,100,4684,100,33,100,1,100,0,100,0,97,98,100,30,0,7665,100,0,100,0,100,0,100,26,56,44,100,0,100,1,100,0,100,0,100,0,100,0,-1,-1,0,1
6867,20190313,MC2,100,0,100,1,100,4660,100,33,100,1,100,0,100,0,98,97,100,30,0,7665,100,0,100,0,100,0,100,26,56,44,100,0,100,1,100,0,100,0,100,0,100,0,-1,-1,0,1
6867,20190312,MC2,100,0,100,1,100,4636,100,33,100,1,100,0,100,0,98,97,100,30,0,7665,100,0,100,0,100,0,100,26,57,43,100,0,100,1,100,0,100,0,100,0,100,0,-1,-1,0,1
6867,20190311,MC2,100,0,100,1,100,4612,100,33,100,1,100,0,100,0,98,96,100,30,0,7665,100,0,100,0,100,0,100,26,56,44,100,0,100,1,100,0,100,0,100,0,100,0,-1,-1,0,1
6867,20190310,MC2,100,0,100,1,100,4588,100,33,100,1,100,0,100,0,98,96,100,30,0,7665,100,0,100,0,100,0,100,26,59,41,100,0,100,1,100,0,100,0,100,0,100,0,-1,-1,0,1
6867,20190309,MC2,100,0,100,1,100,4564,100,33,100,1,100,0,100,0,98,95,100,30,0,7665,100,0,100,0,100,0,100,26,59,41,100,0,100,1,100,0,100,0,100,0,100,0,-1,-1,0,1
-1,-1,-1,-1,-1,-1,-1,-1,-1,-1,-1,-1,-1,-1,-1,-1,-1,-1,-1,-1,-1,-1,-1,-1,-1,-1,-1,-1,-1,-1,-1,-1,-1,-1,-1,-1,-1,-1,-1,-1,-1,-1,-1,-1,-1,-1,-1,1,1
-1,-1,-1,-1,-1,-1,-1,-1,-1,-1,-1,-1,-1,-1,-1,-1,-1,-1,-1,-1,-1,-1,-1,-1,-1,-1,-1,-1,-1,-1,-1,-1,-1,-1,-1,-1,-1,-1,-1,-1,-1,-1,-1,-1,-1,-1,-1,1,1
12001,20190822,MC2,100,0,100,0,100,8961,100,22,100,0,100,0,100,0,100,14,100,20,0,7602,100,0,100,0,100,0,100,17,76,24,100,0,100,0,100,0,100,0,100,0,100,0,-1,-1,0,1
12001,20190821,MC2,100,0,100,0,100,8937,100,22,100,0,100,0,100,0,100,14,100,20,0,7602,100,0,100,0,100,0,100,17,76,24,100,0,100,0,100,0,100,0,100,0,100,0,-1,-1,0,1
12001,20190820,MC2,100,0,100,0,100,8913,100,22,100,0,100,0,100,0,100,14,100,20,0,7602,100,0,100,0,100,0,100,17,76,24,100,0,100,0,100,0,100,0,100,0,100,0,-1,-1,0,1
12001,20190819,MC2,100,0,100,0,100,8889,100,22,100,0,100,0,100,0,100,14,100,20,0,7602,100,0,100,0,100,0,100,17,77,23,100,0,100,0,100,0,100,0,100,0,100,0,-1,-1,0,1
12001,20190818,MC2,100,0,100,0,100,8865,100,22,100,0,100,0,100,0,100,14,100,20,0,7602,100,0,100,0,100,0,100,17,76,24,100,0,100,0,100,0,100,0,100,0,100,0,-1,-1,0,1
9483,20180927,MC2,100,40,100,7,100,726,100,18,100,7,100,0,100,0,100,28,100,17,0,7659,100,0,100,0,100,39,100,22,57,43,100,1,100,7,100,0,100,0,100,0,100,0,-1,-1,0,1
9483,20180926,MC2,100,1,100,1,100,702,100,18,100,1,100,0,100,0,100,28,100,17,0,7665,100,0,100,0,100,0,100,22,57,43,100,1,100,1,100,0,100,0,100,0,100,0,-1,-1,0,1
9483,20180925,MC2,100,1,100,1,100,678,100,18,100,1,100,0,100,0,100,27,100,17,0,7665,100,0,100,0,100,0,100,22,56,44,100,1,100,1,100,0,100,0,100,0,100,0,-1,-1,0,1
9483,20180924,MC2,100,1,100,1,100,654,100,18,100,1,100,0,100,0,100,27,100,17,0,7665,100,0,100,0,100,0,100,22,57,43,100,1,100,1,100,0,100,0,100,0,100,0,-1,-1,0,1
9483,20180923,MC2,100,1,100,1,100,630,100,18,100,1,100,0,100,0,100,27,100,17,0,7665,100,0,100,0,100,0,100,22,56,44,100,1,100,1,100,0,100,0,100,0,100,0,-1,-1,0,1
9483,20180922,MC2,100,1,100,1,100,606,100,18,100,1,100,0,100,0,100,27,100,17,0,7665,100,0,100,0,100,0,100,22,56,44,100,1,100,1,100,0,100,0,100,0,100,0,-1,-1,0,1
9483,20180921,MC2,100,1,100,1,100,582,100,18,100,1,100,0,100,0,100,26,100,17,0,7665,100,0,100,0,100,0,100,22,57,43,100,1,100,1,100,0,100,0,100,0,100,0,-1,-1,0,1
-1,-1,-1,-1,-1,-1,-1,-1,-1,-1,-1,-1,-1,-1,-1,-1,-1,-1,-1,-1,-1,-1,-1,-1,-1,-1,-1,-1,-1,-1,-1,-1,-1,-1,-1,-1,-1,-1,-1,-1,-1,-1,-1,-1,-1,-1,-1,1,1
9383,20190927,MC2,100,0,100,0,100,9604,100,28,100,0,100,0,100,0,100,12,100,24,0,7666,100,0,100,0,100,0,100,21,76,24,100,0,100,0,100,0,100,0,100,0,100,0,-1,-1,0,1
9383,20190926,MC2,100,0,100,0,100,9580,100,28,100,0,100,0,100,0,100,12,100,24,0,7666,100,0,100,0,100,0,100,21,76,24,100,0,100,0,100,0,100,0,100,0,100,0,-1,-1,0,1
9383,20190925,MC2,100,0,100,0,100,9556,100,28,100,0,100,0,100,0,100,12,100,24,0,7666,100,0,100,0,100,0,100,21,76,24,100,0,100,0,100,0,100,0,100,0,100,0,-1,-1,0,1
9383,20190924,MC2,100,0,100,0,100,9532,100,28,100,0,100,0,100,0,100,12,100,24,0,7666,100,0,100,0,100,0,100,21,76,24,100,0,100,0,100,0,100,0,100,0,100,0,-1,-1,0,1
9383,20190923,MC2,100,0,100,0,100,9508,100,28,100,0,100,0,100,0,100,12,100,24,0,7666,100,0,100,0,100,0,100,21,76,24,100,0,100,0,100,0,100,0,100,0,100,0,-1,-1,0,1
9383,20190922,MC2,100,0,100,0,100,9484,100,28,100,0,100,0,100,0,100,12,100,24,0,7666,100,0,100,0,100,0,100,21,76,24,100,0,100,0,100,0,100,0,100,0,100,0,-1,-1,0,1
-1,-1,-1,-1,-1,-1,-1,-1,-1,-1,-1,-1,-1,-1,-1,-1,-1,-1,-1,-1,-1,-1,-1,-1,-1,-1,-1,-1,-1,-1,-1,-1,-1,-1,-1,-1,-1,-1,-1,-1,-1,-1,-1,-1,-1,-1,-1,1,1
8806,20181003,MC2,100,0,100,1,100,824,100,14,100,1,100,0,100,0,100,26,100,13,0,7665,100,0,100,0,100,0,100,20,57,43,100,0,100,1,100,0,100,0,100,0,100,0,-1,-1,0,1
8806,20181002,MC2,100,0,100,1,100,800,100,14,100,1,100,0,100,0,100,26,100,13,0,7665,100,0,100,0,100,0,100,20,57,43,100,0,100,1,100,0,100,0,100,0,100,0,-1,-1,0,1
8806,20181001,MC2,100,0,100,1,100,776,100,14,100,1,100,0,100,0,100,26,100,13,0,7665,100,0,100,0,100,0,100,20,57,43,100,0,100,1,100,0,100,0,100,0,100,0,-1,-1,0,1
8806,20180930,MC2,100,0,100,1,100,752,100,14,100,1,100,0,100,0,100,25,100,13,0,7665,100,0,100,0,100,0,100,20,57,43,100,0,100,1,100,0,100,0,100,0,100,0,-1,-1,0,1
8806,20180929,MC2,100,0,100,1,100,728,100,14,100,1,100,0,100,0,100,25,100,13,0,7665,100,0,100,0,100,0,100,20,54,46,100,0,100,1,100,0,100,0,100,0,100,0,-1,-1,0,1
8806,20180928,MC2,100,0,100,0,100,704,100,14,100,0,100,0,100,0,100,25,100,13,0,7666,100,0,100,0,100,0,100,20,53,47,100,0,100,0,100,0,100,0,100,0,100,0,-1,-1,0,1
-1,-1,-1,-1,-1,-1,-1,-1,-1,-1,-1,-1,-1,-1,-1,-1,-1,-1,-1,-1,-1,-1,-1,-1,-1,-1,-1,-1,-1,-1,-1,-1,-1,-1,-1,-1,-1,-1,-1,-1,-1,-1,-1,-1,-1,-1,-1,1,1
22535,20190821,MC2,100,0,100,0,100,8552,100,17,100,0,100,0,100,0,95,185,100,14,0,7666,100,0,100,0,100,0,100,24,55,45,100,0,100,0,100,0,100,0,100,0,100,0,-1,-1,0,1
22535,20190820,MC2,100,0,100,0,100,8528,100,17,100,0,100,0,100,0,95,184,100,14,0,7666,100,0,100,0,100,0,100,24,55,45,100,0,100,0,100,0,100,0,100,0,100,0,-1,-1,0,1
22535,20190819,MC2,100,0,100,0,100,8504,100,17,100,0,100,0,100,0,95,183,100,14,0,7666,100,0,100,0,100,0,100,24,55,45,100,0,100,0,100,0,100,0,100,0,100,0,-1,-1,0,1
-1,-1,-1,-1,-1,-1,-1,-1,-1,-1,-1,-1,-1,-1,-1,-1,-1,-1,-1,-1,-1,-1,-1,-1,-1,-1,-1,-1,-1,-1,-1,-1,-1,-1,-1,-1,-1,-1,-1,-1,-1,-1,-1,-1,-1,-1,-1,1,1
22535,20190817,MC2,100,0,100,0,100,8456,100,17,100,0,100,0,100,0,95,182,100,14,0,7666,100,0,100,0,100,0,100,24,55,45,100,0,100,0,100,0,100,0,100,0,100,0,-1,-1,0,1
22535,20190816,MC2,100,0,100,0,100,8432,100,17,100,0,100,0,100,0,95,182,100,14,0,7666,100,0,100,0,100,0,100,24,54,46,100,0,100,0,100,0,100,0,100,0,100,0,-1,-1,0,1
-1,-1,-1,-1,-1,-1,-1,-1,-1,-1,-1,-1,-1,-1,-1,-1,-1,-1,-1,-1,-1,-1,-1,-1,-1,-1,-1,-1,-1,-1,-1,-1,-1,-1,-1,-1,-1,-1,-1,-1,-1,-1,-1,-1,-1,-1,-1,1,1
10519,20190815,MC2,100,0,100,0,100,8815,100,14,100,0,100,0,100,0,96,139,100,11,0,7666,100,0,100,0,100,0,100,20,55,45,100,0,100,0,100,0,100,0,100,0,100,0,-1,-1,0,1
10519,20190814,MC2,100,0,100,0,100,8791,100,14,100,0,100,0,100,0,96,139,100,11,0,7666,100,0,100,0,100,0,100,20,55,45,100,0,100,0,100,0,100,0,100,0,100,0,-1,-1,0,1
10519,20190813,MC2,100,0,100,0,100,8767,100,14,100,0,100,0,100,0,96,138,100,11,0,7666,100,0,100,0,100,0,100,20,55,45,100,0,100,0,100,0,100,0,100,0,100,0,-1,-1,0,1
10519,20190812,MC2,100,0,100,0,100,8743,100,14,100,0,100,0,100,0,96,138,100,11,0,7666,100,0,100,0,100,0,100,20,55,45,100,0,100,0,100,0,100,0,100,0,100,0,-1,-1,0,1
10519,20190811,MC2,100,0,100,0,100,8719,100,14,100,0,100,0,100,0,96,138,100,11,0,7666,100,0,100,0,100,0,100,20,55,45,100,0,100,0,100,0,100,0,100,0,100,0,-1,-1,0,1
10519,20190810,MC2,100,0,100,0,100,8695,100,14,100,0,100,0,100,0,96,137,100,11,0,7666,100,0,100,0,100,0,100,20,55,45,100,0,100,0,100,0,100,0,100,0,100,0,-1,-1,0,1
-1,-1,-1,-1,-1,-1,-1,-1,-1,-1,-1,-1,-1,-1,-1,-1,-1,-1,-1,-1,-1,-1,-1,-1,-1,-1,-1,-1,-1,-1,-1,-1,-1,-1,-1,-1,-1,-1,-1,-1,-1,-1,-1,-1,-1,-1,-1,1,1
6002,20191125,MC2,100,0,100,0,100,11264,100,17,100,0,100,0,100,0,95,174,100,12,0,7666,100,0,100,0,100,0,100,20,59,41,100,0,100,0,100,0,100,0,100,0,100,0,-1,-1,0,1
6002,20191124,MC2,100,0,100,0,100,11240,100,17,100,0,100,0,100,0,95,173,100,12,0,7666,100,0,100,0,100,0,100,20,59,41,100,0,100,0,100,0,100,0,100,0,100,0,-1,-1,0,1
6002,20191123,MC2,100,0,100,0,100,11216,100,17,100,0,100,0,100,0,95,173,100,12,0,7666,100,0,100,0,100,0,100,20,59,41,100,0,100,0,100,0,100,0,100,0,100,0,-1,-1,0,1
6002,20191122,MC2,100,0,100,0,100,11192,100,17,100,0,100,0,100,0,95,173,100,12,0,7666,100,0,100,0,100,0,100,20,59,41,100,0,100,0,100,0,100,0,100,0,100,0,-1,-1,0,1
6002,20191121,MC2,100,0,100,0,100,11168,100,17,100,0,100,0,100,0,95,172,100,12,0,7666,100,0,100,0,100,0,100,20,59,41,100,0,100,0,100,0,100,0,100,0,100,0,-1,-1,0,1
6002,20191120,MC2,100,0,100,0,100,11144,100,17,100,0,100,0,100,0,95,172,100,12,0,7666,100,0,100,0,100,0,100,20,59,41,100,0,100,0,100,0,100,0,100,0,100,0,-1,-1,0,1
3450,20181122,MC2,100,0,100,4,100,2720,100,20,100,4,100,0,100,0,99,38,100,15,0,7662,100,0,100,0,100,0,100,25,63,37,100,0,100,4,100,0,100,2,100,0,100,0,-1,-1,0,1
3450,20181121,MC2,100,0,100,4,100,2696,100,20,100,4,100,0,100,0,99,38,100,15,0,7662,100,0,100,0,100,0,100,25,61,39,100,0,100,4,100,0,100,2,100,0,100,0,-1,-1,0,1
3450,20181120,MC2,100,0,100,4,100,2672,100,20,100,4,100,0,100,0,99,38,100,15,0,7662,100,0,100,0,100,0,100,25,63,37,100,0,100,4,100,0,100,2,100,0,100,0,-1,-1,0,1
3450,20181119,MC2,100,0,100,4,100,2648,100,20,100,4,100,0,100,0,99,38,100,15,0,7662,100,0,100,0,100,0,100,25,64,36,100,0,100,4,100,0,100,2,100,0,100,0,-1,-1,0,1
3450,20181118,MC2,100,0,100,4,100,2624,100,20,100,4,100,0,100,0,99,37,100,15,0,7662,100,0,100,0,100,0,100,25,63,37,100,0,100,4,100,0,100,0,100,0,100,0,-1,-1,0,1
3450,20181117,MC2,100,0,100,4,100,2600,100,20,100,4,100,0,100,0,99,37,100,15,0,7662,100,0,100,0,100,0,100,25,64,36,100,0,100,4,100,0,100,0,100,0,100,0,-1,-1,0,1
3450,20181116,MC2,100,0,100,4,100,2576,100,18,100,4,100,0,100,0,99,37,100,15,0,7662,100,0,100,0,100,0,100,25,63,37,100,0,100,4,100,0,100,2,100,0,100,0,-1,-1,0,1
-1,-1,-1,-1,-1,-1,-1,-1,-1,-1,-1,-1,-1,-1,-1,-1,-1,-1,-1,-1,-1,-1,-1,-1,-1,-1,-1,-1,-1,-1,-1,-1,-1,-1,-1,-1,-1,-1,-1,-1,-1,-1,-1,-1,-1,-1,-1,1,1
-1,-1,-1,-1,-1,-1,-1,-1,-1,-1,-1,-1,-1,-1,-1,-1,-1,-1,-1,-1,-1,-1,-1,-1,-1,-1,-1,-1,-1,-1,-1,-1,-1,-1,-1,-1,-1,-1,-1,-1,-1,-1,-1,-1,-1,-1,-1,1,1
19565,20181017,MC2,100,0,100,0,100,1781,100,10,100,0,100,0,100,0,99,33,100,9,0,7666,100,0,100,0,100,0,100,17,63,37,100,0,100,0,100,0,100,0,100,0,100,0,-1,-1,0,1
19565,20181016,MC2,100,0,100,0,100,1757,100,10,100,0,100,0,100,0,99,33,100,9,0,7666,100,0,100,0,100,0,100,17,63,37,100,0,100,0,100,0,100,0,100,0,100,0,-1,-1,0,1
19565,20181015,MC2,100,0,100,0,100,1733,100,10,100,0,100,0,100,0,99,33,100,9,0,7666,100,0,100,0,100,0,100,17,64,36,100,0,100,0,100,0,100,0,100,0,100,0,-1,-1,0,1
19565,20181014,MC2,100,0,100,0,100,1709,100,10,100,0,100,0,100,0,99,33,100,9,0,7666,100,0,100,0,100,0,100,17,59,41,100,0,100,0,100,0,100,0,100,0,100,0,-1,-1,0,1
19565,20181013,MC2,100,0,100,0,100,1685,100,10,100,0,100,0,100,0,100,32,100,9,0,7666,100,0,100,0,100,0,100,17,60,40,100,0,100,0,100,0,100,0,100,0,100,0,-1,-1,0,1
11962,20190118,MC2,100,0,100,0,100,3798,100,14,100,0,100,0,100,0,99,59,100,11,0,7666,100,0,100,0,100,0,100,17,55,45,100,0,100,0,100,0,100,0,100,0,100,0,-1,-1,0,1
11962,20190117,MC2,100,0,100,0,100,3774,100,14,100,0,100,0,100,0,99,59,100,11,0,7666,100,0,100,0,100,0,100,17,55,45,100,0,100,0,100,0,100,0,100,0,100,0,-1,-1,0,1
11962,20190116,MC2,100,0,100,0,100,3750,100,14,100,0,100,0,100,0,99,58,100,11,0,7666,100,0,100,0,100,0,100,17,55,45,100,0,100,0,100,0,100,0,100,0,100,0,-1,-1,0,1
11962,20190115,MC2,100,0,100,0,100,3726,100,14,100,0,100,0,100,0,99,58,100,11,0,7666,100,0,100,0,100,0,100,17,55,45,100,0,100,0,100,0,100,0,100,0,100,0,-1,-1,0,1
11962,20190114,MC2,100,0,100,0,100,3702,100,14,100,0,100,0,100,0,99,58,100,11,0,7666,100,0,100,0,100,0,100,17,56,44,100,0,100,0,100,0,100,0,100,0,100,0,-1,-1,0,1
11962,20190113,MC2,100,0,100,0,100,3678,100,14,100,0,100,0,100,0,99,57,100,11,0,7666,100,0,100,0,100,0,100,17,56,44,100,0,100,0,100,0,100,0,100,0,100,0,-1,-1,0,1
11962,20190112,MC2,100,0,100,0,100,3654,100,14,100,0,100,0,100,0,99,57,100,11,0,7666,100,0,100,0,100,0,100,17,56,44,100,0,100,0,100,0,100,0,100,0,100,0,-1,-1,0,1
-1,-1,-1,-1,-1,-1,-1,-1,-1,-1,-1,-1,-1,-1,-1,-1,-1,-1,-1,-1,-1,-1,-1,-1,-1,-1,-1,-1,-1,-1,-1,-1,-1,-1,-1,-1,-1,-1,-1,-1,-1,-1,-1,-1,-1,-1,-1,1,1
23660,20190831,MC2,100,0,100,2,100,9204,100,23,100,2,100,1,100,0,96,145,100,20,0,7664,100,0,100,0,100,0,100,25,53,47,100,0,100,2,100,0,100,0,100,0,100,1,-1,-1,0,1
23660,20190830,MC2,100,0,100,2,100,9180,100,23,100,2,100,1,100,0,96,145,100,20,0,7664,100,0,100,0,100,0,100,25,53,47,100,0,100,2,100,0,100,0,100,0,100,1,-1,-1,0,1
23660,20190829,MC2,100,0,100,2,100,9156,100,23,100,2,100,1,100,0,96,145,100,20,0,7664,100,0,100,0,100,0,100,25,53,47,100,0,100,2,100,0,100,0,100,0,100,1,-1,-1,0,1
23660,20190828,MC2,100,0,100,2,100,9132,100,23,100,2,100,1,100,0,96,144,100,20,0,7664,100,0,100,0,100,0,100,25,53,47,100,0,100,2,100,0,100,0,100,0,100,1,-1,-1,0,1
23660,20190827,MC2,100,0,100,2,100,9108,100,23,100,2,100,1,100,0,96,144,100,20,0,7664,100,0,100,0,100,0,100,25,54,46,100,0,100,2,100,0,100,0,100,0,100,1,-1,-1,0,1
23660,20190826,MC2,100,0,100,2,100,9084,100,23,100,2,100,1,100,0,96,143,100,20,0,7664,100,0,100,0,100,0,100,25,53,47,100,0,100,2,100,0,100,0,100,0,100,1,-1,-1,0,1
13754,20190118,MC2,100,36,100,3,100,3801,100,13,100,3,100,0,100,0,99,61,100,10,0,7663,100,0,100,0,100,36,100,18,55,45,100,0,100,3,100,0,100,0,100,0,100,0,-1,-1,0,1
13754,20190117,MC2,100,0,100,3,100,3777,100,13,100,3,100,0,100,0,99,60,100,10,0,7663,100,0,100,0,100,0,100,18,55,45,100,0,100,3,100,0,100,0,100,0,100,0,-1,-1,0,1
13754,20190116,MC2,100,0,100,3,100,3753,100,13,100,3,100,0,100,0,99,60,100,10,0,7663,100,0,100,0,100,0,100,18,55,45,100,0,100,3,100,0,100,0,100,0,100,0,-1,-1,0,1
13754,20190115,MC2,100,0,100,3,100,3729,100,13,100,3,100,0,100,0,99,59,100,10,0,7663,100,0,100,0,100,0,100,18,55,45,100,0,100,3,100,0,100,0,100,0,100,0,-1,-1,0,1
13754,20190114,MC2,100,0,100,3,100,3705,100,13,100,3,100,0,100,0,99,59,100,10,0,7663,100,0,100,0,100,0,100,18,55,45,100,0,100,3,100,0,100,0,100,0,100,0,-1,-1,0,1
13754,20190113,MC2,100,0,100,3,100,3681,100,13,100,3,100,0,100,0,99,59,100,10,0,7663,100,0,100,0,100,0,100,18,54,46,100,0,100,3,100,0,100,0,100,0,100,0,-1,-1,0,1
13754,20190112,MC2,100,0,100,3,100,3657,100,13,100,3,100,0,100,0,99,58,100,10,0,7663,100,0,100,0,100,0,100,18,54,46,100,0,100,3,100,0,100,0,100,0,100,0,-1,-1,0,1
92,20181011,MC2,100,1,100,2,100,1422,100,14,100,2,100,0,100,0,100,25,100,9,0,7664,100,0,100,0,100,0,100,16,58,42,100,1,100,2,100,0,100,0,100,0,100,0,-1,-1,0,1
92,20181010,MC2,100,1,100,2,100,1398,100,10,100,2,100,0,100,0,100,24,100,9,0,7664,100,0,100,0,100,0,100,16,58,42,100,1,100,2,100,0,100,0,100,0,100,0,-1,-1,0,1
92,20181009,MC2,100,1,100,2,100,1374,100,10,100,2,100,0,100,0,100,24,100,9,0,7664,100,0,100,0,100,0,100,16,58,42,100,1,100,2,100,0,100,0,100,0,100,0,-1,-1,0,1
92,20181008,MC2,100,1,100,2,100,1350,100,10,100,2,100,0,100,0,100,23,100,9,0,7664,100,0,100,0,100,0,100,16,57,43,100,1,100,2,100,0,100,0,100,0,100,0,-1,-1,0,1
92,20181007,MC2,100,1,100,2,100,1326,100,10,100,2,100,0,100,0,100,23,100,9,0,7664,100,0,100,0,100,0,100,16,58,42,100,1,100,2,100,0,100,0,100,0,100,0,-1,-1,0,1
92,20181006,MC2,100,1,100,2,100,1302,100,10,100,2,100,0,100,0,100,23,100,9,0,7664,100,0,100,0,100,0,100,16,58,42,100,1,100,2,100,0,100,0,100,0,100,0,-1,-1,0,1
92,20181005,MC2,100,1,100,2,100,1278,100,10,100,2,100,0,100,0,100,23,100,9,0,7664,100,0,100,0,100,0,100,16,58,42,100,1,100,2,100,0,100,0,100,0,100,0,-1,-1,0,1
12891,20190815,MC2,100,0,100,1,100,8815,100,13,100,1,100,0,100,0,96,138,100,10,0,7665,100,0,100,0,100,0,100,18,55,45,100,0,100,1,100,0,100,0,100,0,100,0,-1,-1,0,1
12891,20190814,MC2,100,0,100,1,100,8791,100,13,100,1,100,0,100,0,96,138,100,10,0,7665,100,0,100,0,100,0,100,18,55,45,100,0,100,1,100,0,100,0,100,0,100,0,-1,-1,0,1
12891,20190813,MC2,100,0,100,1,100,8767,100,13,100,1,100,0,100,0,96,137,100,10,0,7665,100,0,100,0,100,0,100,18,54,46,100,0,100,1,100,0,100,0,100,0,100,0,-1,-1,0,1
12891,20190812,MC2,100,0,100,1,100,8743,100,13,100,1,100,0,100,0,96,137,100,10,0,7665,100,0,100,0,100,0,100,18,55,45,100,0,100,1,100,0,100,0,100,0,100,0,-1,-1,0,1
12891,20190811,MC2,100,0,100,1,100,8719,100,13,100,1,100,0,100,0,96,136,100,10,0,7665,100,0,100,0,100,0,100,18,55,45,100,0,100,1,100,0,100,0,100,0,100,0,-1,-1,0,1
12891,20190810,MC2,100,0,100,1,100,8695,100,13,100,1,100,0,100,0,96,136,100,10,0,7665,100,0,100,0,100,0,100,18,55,45,100,0,100,1,100,0,100,0,100,0,100,0,-1,-1,0,1
12891,20190809,MC2,100,0,100,1,100,8671,100,13,100,1,100,0,100,0,96,136,100,10,0,7665,100,0,100,0,100,0,100,18,55,45,100,0,100,1,100,0,100,0,100,0,100,0,-1,-1,0,1
3001,20190121,MC2,100,1,100,4,100,3869,100,13,100,4,100,0,100,0,99,62,100,10,0,7662,100,0,100,0,100,1,100,17,55,45,100,0,100,4,100,0,100,0,100,0,100,0,-1,-1,0,1
3001,20190120,MC2,100,0,100,4,100,3845,100,13,100,4,100,0,100,0,99,61,100,10,0,7662,100,0,100,0,100,0,100,17,55,45,100,0,100,4,100,0,100,0,100,0,100,0,-1,-1,0,1
3001,20190119,MC2,100,0,100,4,100,3821,100,13,100,4,100,0,100,0,99,61,100,10,0,7662,100,0,100,0,100,0,100,17,55,45,100,0,100,4,100,0,100,0,100,0,100,0,-1,-1,0,1
3001,20190118,MC2,100,0,100,4,100,3797,100,13,100,4,100,0,100,0,99,61,100,10,0,7662,100,0,100,0,100,0,100,17,55,45,100,0,100,4,100,0,100,0,100,0,100,0,-1,-1,0,1
3001,20190117,MC2,100,0,100,4,100,3773,100,13,100,4,100,0,100,0,99,60,100,10,0,7662,100,0,100,0,100,0,100,17,55,45,100,0,100,4,100,0,100,0,100,0,100,0,-1,-1,0,1
3001,20190116,MC2,100,0,100,4,100,3749,100,13,100,4,100,0,100,0,99,60,100,10,0,7662,100,0,100,0,100,0,100,17,55,45,100,0,100,4,100,0,100,0,100,0,100,0,-1,-1,0,1
3001,20190115,MC2,100,0,100,4,100,3725,100,13,100,4,100,0,100,0,99,59,100,10,0,7662,100,0,100,0,100,0,100,17,55,45,100,0,100,4,100,0,100,0,100,0,100,0,-1,-1,0,1
-1,-1,-1,-1,-1,-1,-1,-1,-1,-1,-1,-1,-1,-1,-1,-1,-1,-1,-1,-1,-1,-1,-1,-1,-1,-1,-1,-1,-1,-1,-1,-1,-1,-1,-1,-1,-1,-1,-1,-1,-1,-1,-1,-1,-1,-1,-1,1,1
21909,20191026,MC2,100,0,100,1,100,10545,100,15,100,1,100,0,100,0,95,164,100,10,0,7665,100,0,100,0,100,0,100,18,56,44,100,0,100,1,100,0,100,0,100,0,100,0,-1,-1,0,1
21909,20191025,MC2,100,0,100,1,100,10521,100,15,100,1,100,0,100,0,95,164,100,10,0,7665,100,0,100,0,100,0,100,18,55,45,100,0,100,1,100,0,100,0,100,0,100,0,-1,-1,0,1
21909,20191024,MC2,100,0,100,1,100,10497,100,15,100,1,100,0,100,0,95,164,100,10,0,7665,100,0,100,0,100,0,100,18,55,45,100,0,100,1,100,0,100,0,100,0,100,0,-1,-1,0,1
21909,20191023,MC2,100,0,100,1,100,10473,100,15,100,1,100,0,100,0,95,163,100,10,0,7665,100,0,100,0,100,0,100,18,56,44,100,0,100,1,100,0,100,0,100,0,100,0,-1,-1,0,1
21909,20191022,MC2,100,0,100,1,100,10449,100,15,100,1,100,0,100,0,95,163,100,10,0,7665,100,0,100,0,100,0,100,18,56,44,100,0,100,1,100,0,100,0,100,0,100,0,-1,-1,0,1
21909,20191021,MC2,100,0,100,1,100,10425,100,15,100,1,100,0,100,0,95,163,100,10,0,7665,100,0,100,0,100,0,100,18,55,45,100,0,100,1,100,0,100,0,100,0,100,0,-1,-1,0,1
-1,-1,-1,-1,-1,-1,-1,-1,-1,-1,-1,-1,-1,-1,-1,-1,-1,-1,-1,-1,-1,-1,-1,-1,-1,-1,-1,-1,-1,-1,-1,-1,-1,-1,-1,-1,-1,-1,-1,-1,-1,-1,-1,-1,-1,-1,-1,1,1
15129,20190617,MC2,100,0,100,5,100,7399,100,15,100,5,100,0,100,0,97,113,100,12,0,7661,100,0,100,0,100,0,100,18,55,45,100,0,100,5,100,0,100,0,100,0,100,0,-1,-1,0,1
15129,20190616,MC2,100,0,100,5,100,7375,100,15,100,5,100,0,100,0,97,113,100,12,0,7661,100,0,100,0,100,0,100,18,54,46,100,0,100,5,100,0,100,0,100,0,100,0,-1,-1,0,1
15129,20190615,MC2,100,0,100,5,100,7351,100,15,100,5,100,0,100,0,97,112,100,12,0,7661,100,0,100,0,100,0,100,18,54,46,100,0,100,5,100,0,100,0,100,0,100,0,-1,-1,0,1
15129,20190614,MC2,100,0,100,5,100,7327,100,15,100,5,100,0,100,0,97,112,100,12,0,7661,100,0,100,0,100,0,100,18,55,45,100,0,100,5,100,0,100,0,100,0,100,0,-1,-1,0,1
-1,-1,-1,-1,-1,-1,-1,-1,-1,-1,-1,-1,-1,-1,-1,-1,-1,-1,-1,-1,-1,-1,-1,-1,-1,-1,-1,-1,-1,-1,-1,-1,-1,-1,-1,-1,-1,-1,-1,-1,-1,-1,-1,-1,-1,-1,-1,1,1
15129,20190612,MC2,100,0,100,5,100,7279,100,15,100,5,100,0,100,0,97,111,100,12,0,7661,100,0,100,0,100,0,100,18,55,45,100,0,100,5,100,0,100,0,100,0,100,0,-1,-1,0,1
192,20181009,MC2,100,3,100,5,100,1440,100,28,100,5,100,0,100,0,99,33,100,27,0,7660,100,0,100,0,100,2,100,35,57,43,100,1,100,5,100,0,100,0,100,0,100,0,-1,-1,0,1
192,20181008,MC2,100,1,100,5,100,1416,100,28,100,5,100,0,100,0,100,32,100,27,0,7660,100,0,100,0,100,0,100,35,57,43,100,1,100,5,100,0,100,0,100,0,100,0,-1,-1,0,1
192,20181007,MC2,100,1,100,4,100,1392,100,28,100,4,100,0,100,0,100,32,100,27,0,7661,100,0,100,0,100,0,100,35,57,43,100,1,100,4,100,0,100,0,100,0,100,0,-1,-1,0,1
192,20181006,MC2,100,1,100,4,100,1368,100,28,100,4,100,0,100,0,100,32,100,27,0,7661,100,0,100,0,100,0,100,35,57,43,100,1,100,4,100,0,100,0,100,0,100,0,-1,-1,0,1
192,20181005,MC2,100,1,100,4,100,1344,100,28,100,4,100,0,100,0,100,31,100,27,0,7661,100,0,100,0,100,0,100,35,57,43,100,1,100,4,100,0,100,0,100,0,100,0,-1,-1,0,1
192,20181004,MC2,100,1,100,4,100,1320,100,28,100,4,100,0,100,0,100,31,100,27,0,7661,100,0,100,0,100,0,100,35,57,43,100,1,100,4,100,0,100,0,100,0,100,0,-1,-1,0,1
192,20181003,MC2,100,1,100,4,100,1296,100,28,100,4,100,0,100,0,100,31,100,27,0,7661,100,0,100,0,100,0,100,35,57,43,100,1,100,4,100,0,100,0,100,0,100,0,-1,-1,0,1
4808,20181001,MC2,100,5,100,2,100,1193,100,15,100,2,100,0,100,0,100,23,100,14,0,7664,100,0,100,0,100,4,100,15,55,45,100,1,100,2,100,0,100,0,100,0,100,0,-1,-1,0,1
4808,20180930,MC2,100,1,100,2,100,1169,100,15,100,2,100,0,100,0,100,22,100,14,0,7664,100,0,100,0,100,0,100,15,55,45,100,1,100,2,100,0,100,0,100,0,100,0,-1,-1,0,1
4808,20180929,MC2,100,0,100,0,100,1145,100,15,100,0,100,0,100,0,100,22,100,14,0,7666,100,0,100,0,100,0,100,15,55,45,100,0,100,0,100,0,100,0,100,0,100,0,-1,-1,0,1
4808,20180928,MC2,100,0,100,0,100,1121,100,15,100,0,100,0,100,0,100,22,100,14,0,7666,100,0,100,0,100,0,100,15,55,45,100,0,100,0,100,0,100,0,100,0,100,0,-1,-1,0,1
4808,20180927,MC2,100,0,100,0,100,1097,100,15,100,0,100,0,100,0,100,22,100,14,0,7666,100,0,100,0,100,0,100,15,55,45,100,0,100,0,100,0,100,0,100,0,100,0,-1,-1,0,1
4808,20180926,MC2,100,0,100,0,100,1073,100,15,100,0,100,0,100,0,100,21,100,14,0,7666,100,0,100,0,100,0,100,15,55,45,100,0,100,0,100,0,100,0,100,0,100,0,-1,-1,0,1
4808,20180925,MC2,100,0,100,0,100,1051,100,15,100,0,100,0,100,0,100,21,100,14,0,7666,100,0,100,0,100,0,100,15,54,46,100,0,100,0,100,0,100,0,100,0,100,0,-1,-1,0,1
21434,20181104,MC2,100,4628,100,2,100,2198,100,12,100,2,100,0,100,0,99,36,100,11,0,7664,100,0,100,0,100,4628,100,16,60,40,100,0,100,2,100,0,100,0,100,0,100,0,-1,-1,0,1
21434,20181103,MC2,100,0,100,2,100,2174,100,12,100,2,100,0,100,0,99,36,100,11,0,7664,100,0,100,0,100,0,100,16,61,39,100,0,100,2,100,0,100,0,100,0,100,0,-1,-1,0,1
21434,20181102,MC2,100,0,100,0,100,2150,100,12,100,0,100,0,100,0,99,35,100,11,0,7666,100,0,100,0,100,0,100,16,61,39,100,0,100,0,100,0,100,0,100,0,100,0,-1,-1,0,1
21434,20181101,MC2,100,0,100,0,100,2126,100,12,100,0,100,0,100,0,99,35,100,11,0,7666,100,0,100,0,100,0,100,16,61,39,100,0,100,0,100,0,100,0,100,0,100,0,-1,-1,0,1
21434,20181031,MC2,100,0,100,0,100,2102,100,12,100,0,100,0,100,0,99,35,100,11,0,7666,100,0,100,0,100,0,100,16,61,39,100,0,100,0,100,0,100,0,100,0,100,0,-1,-1,0,1
21434,20181030,MC2,100,0,100,0,100,2078,100,12,100,0,100,0,100,0,99,35,100,11,0,7666,100,0,100,0,100,0,100,16,61,39,100,0,100,0,100,0,100,0,100,0,100,0,-1,-1,0,1
21434,20181029,MC2,100,0,100,0,100,2054,100,12,100,0,100,0,100,0,99,35,100,11,0,7666,100,0,100,0,100,0,100,16,61,39,100,0,100,0,100,0,100,0,100,0,100,0,-1,-1,0,1
3824,20181122,MC2,100,0,100,3,100,2642,100,12,100,3,100,0,100,0,99,38,100,9,0,7663,100,0,100,0,100,0,100,16,59,41,100,0,100,3,100,0,100,1,100,0,100,0,-1,-1,0,1
3824,20181121,MC2,100,0,100,3,100,2618,100,12,100,3,100,0,100,0,99,38,100,9,0,7663,100,0,100,0,100,0,100,16,59,41,100,0,100,3,100,0,100,1,100,0,100,0,-1,-1,0,1
3824,20181120,MC2,100,0,100,3,100,2594,100,12,100,3,100,0,100,0,99,38,100,9,0,7663,100,0,100,0,100,0,100,16,59,41,100,0,100,3,100,0,100,1,100,0,100,0,-1,-1,0,1
3824,20181119,MC2,100,0,100,3,100,2570,100,12,100,3,100,0,100,0,99,38,100,9,0,7663,100,0,100,0,100,0,100,16,59,41,100,0,100,3,100,0,100,0,100,0,100,0,-1,-1,0,1
3824,20181118,MC2,100,0,100,3,100,2546,100,12,100,3,100,0,100,0,99,38,100,9,0,7663,100,0,100,0,100,0,100,16,59,41,100,0,100,3,100,0,100,0,100,0,100,0,-1,-1,0,1
3824,20181117,MC2,100,0,100,3,100,2522,100,12,100,3,100,0,100,0,99,37,100,9,0,7663,100,0,100,0,100,0,100,16,60,40,100,0,100,3,100,0,100,0,100,0,100,0,-1,-1,0,1
3824,20181116,MC2,100,0,100,3,100,2498,100,12,100,3,100,0,100,0,99,37,100,9,0,7663,100,0,100,0,100,0,100,16,61,39,100,0,100,3,100,0,100,0,100,0,100,0,-1,-1,0,1
-1,-1,-1,-1,-1,-1,-1,-1,-1,-1,-1,-1,-1,-1,-1,-1,-1,-1,-1,-1,-1,-1,-1,-1,-1,-1,-1,-1,-1,-1,-1,-1,-1,-1,-1,-1,-1,-1,-1,-1,-1,-1,-1,-1,-1,-1,-1,1,1
12083,20190227,MC2,100,0,100,0,100,4768,100,13,100,0,100,0,100,0,98,72,100,10,0,7666,100,0,100,0,100,0,100,19,54,46,100,0,100,0,100,0,100,0,100,0,100,0,-1,-1,0,1
12083,20190226,MC2,100,0,100,0,100,4744,100,13,100,0,100,0,100,0,98,72,100,10,0,7666,100,0,100,0,100,0,100,19,55,45,100,0,100,0,100,0,100,0,100,0,100,0,-1,-1,0,1
12083,20190225,MC2,100,0,100,0,100,4720,100,13,100,0,100,0,100,0,98,72,100,10,0,7666,100,0,100,0,100,0,100,19,55,45,100,0,100,0,100,0,100,0,100,0,100,0,-1,-1,0,1
12083,20190224,MC2,100,0,100,0,100,4696,100,13,100,0,100,0,100,0,98,71,100,10,0,7666,100,0,100,0,100,0,100,19,56,44,100,0,100,0,100,0,100,0,100,0,100,0,-1,-1,0,1
12083,20190223,MC2,100,0,100,0,100,4672,100,13,100,0,100,0,100,0,98,71,100,10,0,7666,100,0,100,0,100,0,100,19,56,44,100,0,100,0,100,0,100,0,100,0,100,0,-1,-1,0,1
12083,20190222,MC2,100,0,100,0,100,4648,100,13,100,0,100,0,100,0,98,70,100,10,0,7666,100,0,100,0,100,0,100,19,55,45,100,0,100,0,100,0,100,0,100,0,100,0,-1,-1,0,1
11226,20181124,MC2,100,136,100,5,100,2482,100,29,100,5,100,0,100,0,99,42,100,24,0,7661,100,0,100,0,100,136,100,29,57,43,100,0,100,5,100,0,100,0,100,0,100,0,-1,-1,0,1
11226,20181123,MC2,100,136,100,5,100,2458,100,29,100,5,100,0,100,0,99,42,100,24,0,7661,100,0,100,0,100,136,100,29,58,42,100,0,100,5,100,0,100,0,100,0,100,0,-1,-1,0,1
11226,20181122,MC2,100,0,100,5,100,2434,100,29,100,5,100,0,100,0,99,42,100,24,0,7661,100,0,100,0,100,0,100,29,56,44,100,0,100,5,100,0,100,0,100,0,100,0,-1,-1,0,1
11226,20181121,MC2,100,0,100,5,100,2410,100,29,100,5,100,0,100,0,99,42,100,24,0,7661,100,0,100,0,100,0,100,29,56,44,100,0,100,5,100,0,100,0,100,0,100,0,-1,-1,0,1
11226,20181120,MC2,100,0,100,5,100,2386,100,29,100,5,100,0,100,0,99,41,100,24,0,7661,100,0,100,0,100,0,100,29,56,44,100,0,100,5,100,0,100,0,100,0,100,0,-1,-1,0,1
11226,20181119,MC2,100,0,100,5,100,2362,100,29,100,5,100,0,100,0,99,41,100,24,0,7661,100,0,100,0,100,0,100,29,56,44,100,0,100,5,100,0,100,0,100,0,100,0,-1,-1,0,1
11226,20181118,MC2,100,0,100,5,100,2338,100,29,100,5,100,0,100,0,99,41,100,24,0,7661,100,0,100,0,100,0,100,29,56,44,100,0,100,5,100,0,100,0,100,0,100,0,-1,-1,0,1
-1,-1,-1,-1,-1,-1,-1,-1,-1,-1,-1,-1,-1,-1,-1,-1,-1,-1,-1,-1,-1,-1,-1,-1,-1,-1,-1,-1,-1,-1,-1,-1,-1,-1,-1,-1,-1,-1,-1,-1,-1,-1,-1,-1,-1,-1,-1,1,1
14577,20190703,MC2,100,0,100,4,100,7794,100,15,100,4,100,0,100,0,97,121,100,10,0,7662,100,0,100,0,100,0,100,15,53,47,100,0,100,4,100,0,100,0,100,0,100,0,-1,-1,0,1
14577,20190702,MC2,100,0,100,4,100,7770,100,15,100,4,100,0,100,0,97,120,100,10,0,7662,100,0,100,0,100,0,100,15,53,47,100,0,100,4,100,0,100,0,100,0,100,0,-1,-1,0,1
14577,20190701,MC2,100,0,100,4,100,7746,100,15,100,4,100,0,100,0,97,120,100,10,0,7662,100,0,100,0,100,0,100,15,53,47,100,0,100,4,100,0,100,0,100,0,100,0,-1,-1,0,1
14577,20190630,MC2,100,0,100,4,100,7722,100,15,100,4,100,0,100,0,97,119,100,10,0,7662,100,0,100,0,100,0,100,15,53,47,100,0,100,4,100,0,100,0,100,0,100,0,-1,-1,0,1
14577,20190629,MC2,100,0,100,4,100,7698,100,15,100,4,100,0,100,0,97,119,100,10,0,7662,100,0,100,0,100,0,100,15,53,47,100,0,100,4,100,0,100,0,100,0,100,0,-1,-1,0,1
14577,20190628,MC2,100,0,100,4,100,7674,100,15,100,4,100,0,100,0,97,119,100,10,0,7662,100,0,100,0,100,0,100,15,53,47,100,0,100,4,100,0,100,0,100,0,100,0,-1,-1,0,1
-1,-1,-1,-1,-1,-1,-1,-1,-1,-1,-1,-1,-1,-1,-1,-1,-1,-1,-1,-1,-1,-1,-1,-1,-1,-1,-1,-1,-1,-1,-1,-1,-1,-1,-1,-1,-1,-1,-1,-1,-1,-1,-1,-1,-1,-1,-1,1,1
121,20191105,MC2,100,0,100,0,100,10794,100,15,100,0,100,0,100,0,95,166,100,10,0,7666,100,0,100,0,100,0,100,18,56,44,100,0,100,0,100,0,100,0,100,0,100,0,-1,-1,0,1
121,20191104,MC2,100,0,100,0,100,10770,100,15,100,0,100,0,100,0,95,166,100,10,0,7666,100,0,100,0,100,0,100,18,56,44,100,0,100,0,100,0,100,0,100,0,100,0,-1,-1,0,1
121,20191103,MC2,100,0,100,0,100,10746,100,15,100,0,100,0,100,0,95,165,100,10,0,7666,100,0,100,0,100,0,100,18,57,43,100,0,100,0,100,0,100,0,100,0,100,0,-1,-1,0,1
121,20191102,MC2,100,0,100,0,100,10722,100,15,100,0,100,0,100,0,95,165,100,10,0,7666,100,0,100,0,100,0,100,18,56,44,100,0,100,0,100,0,100,0,100,0,100,0,-1,-1,0,1
121,20191101,MC2,100,0,100,0,100,10698,100,15,100,0,100,0,100,0,95,165,100,10,0,7666,100,0,100,0,100,0,100,18,57,43,100,0,100,0,100,0,100,0,100,0,100,0,-1,-1,0,1
121,20191031,MC2,100,0,100,0,100,10674,100,15,100,0,100,0,100,0,95,164,100,10,0,7666,100,0,100,0,100,0,100,18,56,44,100,0,100,0,100,0,100,0,100,0,100,0,-1,-1,0,1
14819,20181122,MC2,100,253,100,4,100,2433,100,18,100,4,100,0,100,0,99,38,100,15,0,7662,100,0,100,0,100,253,100,25,58,42,100,0,100,4,100,0,100,0,100,0,100,0,-1,-1,0,1
14819,20181121,MC2,100,253,100,4,100,2409,100,18,100,4,100,0,100,0,99,38,100,15,0,7662,100,0,100,0,100,253,100,25,56,44,100,0,100,4,100,0,100,0,100,0,100,0,-1,-1,0,1
14819,20181120,MC2,100,253,100,4,100,2385,100,18,100,4,100,0,100,0,99,37,100,15,0,7662,100,0,100,0,100,253,100,25,56,44,100,0,100,4,100,0,100,0,100,0,100,0,-1,-1,0,1
14819,20181119,MC2,100,253,100,4,100,2361,100,18,100,4,100,0,100,0,99,37,100,15,0,7662,100,0,100,0,100,253,100,25,57,43,100,0,100,4,100,0,100,0,100,0,100,0,-1,-1,0,1
14819,20181118,MC2,100,253,100,4,100,2337,100,18,100,4,100,0,100,0,99,37,100,15,0,7662,100,0,100,0,100,253,100,25,56,44,100,0,100,4,100,0,100,0,100,0,100,0,-1,-1,0,1
14819,20181117,MC2,100,253,100,4,100,2313,100,18,100,4,100,0,100,0,99,36,100,15,0,7662,100,0,100,0,100,253,100,25,56,44,100,0,100,4,100,0,100,0,100,0,100,0,-1,-1,0,1
14819,20181116,MC2,100,253,100,4,100,2289,100,18,100,4,100,0,100,0,99,36,100,15,0,7662,100,0,100,0,100,253,100,25,56,44,100,0,100,4,100,0,100,0,100,0,100,0,-1,-1,0,1
8497,20180926,MC2,100,63675,100,2,100,1069,100,11,100,2,100,0,100,0,100,28,100,10,0,7664,100,0,100,0,100,63675,100,13,57,43,100,0,100,2,100,0,100,0,100,0,100,0,-1,-1,0,1
8497,20180925,MC2,100,0,100,0,100,1045,100,11,100,0,100,0,100,0,100,21,100,10,0,7666,100,0,100,0,100,0,100,13,57,43,100,0,100,0,100,0,100,0,100,0,100,0,-1,-1,0,1
8497,20180924,MC2,100,0,100,0,100,1021,100,11,100,0,100,0,100,0,100,20,100,10,0,7666,100,0,100,0,100,0,100,13,57,43,100,0,100,0,100,0,100,0,100,0,100,0,-1,-1,0,1
8497,20180923,MC2,100,0,100,0,100,997,100,11,100,0,100,0,100,0,100,20,100,10,0,7666,100,0,100,0,100,0,100,13,57,43,100,0,100,0,100,0,100,0,100,0,100,0,-1,-1,0,1
8497,20180922,MC2,100,0,100,0,100,973,100,11,100,0,100,0,100,0,100,20,100,10,0,7666,100,0,100,0,100,0,100,13,57,43,100,0,100,0,100,0,100,0,100,0,100,0,-1,-1,0,1
8497,20180921,MC2,100,0,100,0,100,949,100,11,100,0,100,0,100,0,100,20,100,10,0,7666,100,0,100,0,100,0,100,13,58,42,100,0,100,0,100,0,100,0,100,0,100,0,-1,-1,0,1
8497,20180920,MC2,100,0,100,0,100,925,100,11,100,0,100,0,100,0,100,19,100,10,0,7666,100,0,100,0,100,0,100,13,57,43,100,0,100,0,100,0,100,0,100,0,100,0,-1,-1,0,1
-1,-1,-1,-1,-1,-1,-1,-1,-1,-1,-1,-1,-1,-1,-1,-1,-1,-1,-1,-1,-1,-1,-1,-1,-1,-1,-1,-1,-1,-1,-1,-1,-1,-1,-1,-1,-1,-1,-1,-1,-1,-1,-1,-1,-1,-1,-1,1,1
4819,20191216,MC2,100,0,100,0,100,11774,100,24,100,0,100,0,100,0,94,224,100,21,0,7666,100,0,100,0,100,0,100,25,58,42,100,0,100,0,100,0,100,0,100,0,100,0,-1,-1,0,1
4819,20191215,MC2,100,0,100,0,100,11750,100,24,100,0,100,0,100,0,94,223,100,21,0,7666,100,0,100,0,100,0,100,25,57,43,100,0,100,0,100,0,100,0,100,0,100,0,-1,-1,0,1
4819,20191214,MC2,100,0,100,0,100,11726,100,24,100,0,100,0,100,0,94,223,100,21,0,7666,100,0,100,0,100,0,100,25,57,43,100,0,100,0,100,0,100,0,100,0,100,0,-1,-1,0,1
4819,20191213,MC2,100,0,100,0,100,11702,100,24,100,0,100,0,100,0,94,222,100,21,0,7666,100,0,100,0,100,0,100,25,58,42,100,0,100,0,100,0,100,0,100,0,100,0,-1,-1,0,1
-1,-1,-1,-1,-1,-1,-1,-1,-1,-1,-1,-1,-1,-1,-1,-1,-1,-1,-1,-1,-1,-1,-1,-1,-1,-1,-1,-1,-1,-1,-1,-1,-1,-1,-1,-1,-1,-1,-1,-1,-1,-1,-1,-1,-1,-1,-1,1,1
-1,-1,-1,-1,-1,-1,-1,-1,-1,-1,-1,-1,-1,-1,-1,-1,-1,-1,-1,-1,-1,-1,-1,-1,-1,-1,-1,-1,-1,-1,-1,-1,-1,-1,-1,-1,-1,-1,-1,-1,-1,-1,-1,-1,-1,-1,-1,1,1
-1,-1,-1,-1,-1,-1,-1,-1,-1,-1,-1,-1,-1,-1,-1,-1,-1,-1,-1,-1,-1,-1,-1,-1,-1,-1,-1,-1,-1,-1,-1,-1,-1,-1,-1,-1,-1,-1,-1,-1,-1,-1,-1,-1,-1,-1,-1,1,1
16784,20181209,MC2,100,0,100,0,100,3525,100,23,100,0,100,0,100,0,100,10,100,20,0,7666,100,0,100,0,100,0,100,21,70,30,100,0,100,0,100,0,100,0,100,0,100,0,-1,-1,0,1
16784,20181208,MC2,100,0,100,0,100,3501,100,23,100,0,100,0,100,0,100,10,100,20,0,7666,100,0,100,0,100,0,100,21,70,30,100,0,100,0,100,0,100,0,100,0,100,0,-1,-1,0,1
16784,20181207,MC2,100,0,100,0,100,3477,100,23,100,0,100,0,100,0,100,10,100,20,0,7666,100,0,100,0,100,0,100,21,70,30,100,0,100,0,100,0,100,0,100,0,100,0,-1,-1,0,1
16784,20181206,MC2,100,0,100,0,100,3453,100,23,100,0,100,0,100,0,100,10,100,20,0,7666,100,0,100,0,100,0,100,21,70,30,100,0,100,0,100,0,100,0,100,0,100,0,-1,-1,0,1
16784,20181205,MC2,100,0,100,0,100,3429,100,23,100,0,100,0,100,0,100,10,100,20,0,7666,100,0,100,0,100,0,100,21,70,30,100,0,100,0,100,0,100,0,100,0,100,0,-1,-1,0,1
16784,20181204,MC2,100,0,100,0,100,3405,100,23,100,0,100,0,100,0,100,10,100,20,0,7666,100,0,100,0,100,0,100,21,70,30,100,0,100,0,100,0,100,0,100,0,100,0,-1,-1,0,1
927,20180812,MC2,100,202496,100,7,100,9689,100,14,100,7,100,0,100,0,95,165,100,6,0,7659,100,0,100,0,100,202496,100,9,54,46,100,0,100,7,100,0,100,0,100,0,100,0,-1,-1,0,1
927,20180811,MC2,100,27287,100,7,100,9665,100,14,100,7,100,0,100,0,96,162,100,6,0,7659,100,0,100,0,100,27287,100,9,51,49,100,0,100,7,100,0,100,0,100,0,100,0,-1,-1,0,1
927,20180810,MC2,100,0,100,3,100,9641,100,14,100,3,100,0,100,0,96,162,100,6,0,7663,100,0,100,0,100,0,100,9,53,47,100,0,100,3,100,0,100,0,100,0,100,0,-1,-1,0,1
927,20180809,MC2,100,0,100,3,100,9617,100,14,100,3,100,0,100,0,96,161,100,6,0,7663,100,0,100,0,100,0,100,9,51,49,100,0,100,3,100,0,100,0,100,0,100,0,-1,-1,0,1
927,20180808,MC2,100,0,100,3,100,9593,100,14,100,3,100,0,100,0,96,161,100,6,0,7663,100,0,100,0,100,0,100,9,50,50,100,0,100,3,100,0,100,0,100,0,100,0,-1,-1,0,1
927,20180807,MC2,100,0,100,3,100,9569,100,14,100,3,100,0,100,0,96,160,100,6,0,7663,100,0,100,0,100,0,100,9,50,50,100,0,100,3,100,0,100,0,100,0,100,0,-1,-1,0,1
927,20180806,MC2,100,0,100,3,100,9545,100,14,100,3,100,0,100,0,96,160,100,6,0,7663,100,0,100,0,100,0,100,9,52,48,100,0,100,3,100,0,100,0,100,0,100,0,-1,-1,0,1
-1,-1,-1,-1,-1,-1,-1,-1,-1,-1,-1,-1,-1,-1,-1,-1,-1,-1,-1,-1,-1,-1,-1,-1,-1,-1,-1,-1,-1,-1,-1,-1,-1,-1,-1,-1,-1,-1,-1,-1,-1,-1,-1,-1,-1,-1,-1,1,1
8539,20190105,MC2,100,0,100,0,100,13187,100,12,100,0,100,0,100,0,94,198,100,4,0,7666,100,0,100,0,100,0,100,10,54,46,100,0,100,0,100,0,100,0,100,0,100,0,-1,-1,0,1
8539,20190104,MC2,100,0,100,0,100,13163,100,12,100,0,100,0,100,0,94,197,100,4,0,7666,100,0,100,0,100,0,100,10,53,47,100,0,100,0,100,0,100,0,100,0,100,0,-1,-1,0,1
8539,20190103,MC2,100,0,100,0,100,13139,100,12,100,0,100,0,100,0,94,197,100,4,0,7666,100,0,100,0,100,0,100,10,53,47,100,0,100,0,100,0,100,0,100,0,100,0,-1,-1,0,1
8539,20190102,MC2,100,0,100,0,100,13115,100,12,100,0,100,0,100,0,94,196,100,4,0,7666,100,0,100,0,100,0,100,10,54,46,100,0,100,0,100,0,100,0,100,0,100,0,-1,-1,0,1
8539,20190101,MC2,100,0,100,0,100,13091,100,12,100,0,100,0,100,0,94,196,100,4,0,7666,100,0,100,0,100,0,100,10,52,48,100,0,100,0,100,0,100,0,100,0,100,0,-1,-1,0,1
8539,20181231,MC2,100,0,100,0,100,13067,100,12,100,0,100,0,100,0,94,195,100,4,0,7666,100,0,100,0,100,0,100,10,53,47,100,0,100,0,100,0,100,0,100,0,100,0,-1,-1,0,1
2762,20181127,MC2,100,1,100,9,100,10854,100,17,100,9,100,0,100,0,99,54,100,7,0,7657,100,0,100,0,100,0,100,7,63,37,100,1,100,9,100,0,100,1,100,0,100,0,-1,-1,0,1
2762,20181126,MC2,100,1,100,9,100,10830,100,17,100,9,100,0,100,0,99,54,100,7,0,7657,100,0,100,0,100,0,100,7,62,38,100,1,100,9,100,0,100,1,100,0,100,0,-1,-1,0,1
2762,20181125,MC2,100,1,100,9,100,10806,100,17,100,9,100,0,100,0,99,54,100,7,0,7657,100,0,100,0,100,0,100,7,62,38,100,1,100,9,100,0,100,0,100,0,100,0,-1,-1,0,1
2762,20181124,MC2,100,1,100,9,100,10782,100,17,100,9,100,0,100,0,99,54,100,7,0,7657,100,0,100,0,100,0,100,7,63,37,100,1,100,9,100,0,100,0,100,0,100,0,-1,-1,0,1
2762,20181123,MC2,100,1,100,9,100,10758,100,17,100,9,100,0,100,0,99,54,100,7,0,7657,100,0,100,0,100,0,100,7,63,37,100,1,100,9,100,0,100,0,100,0,100,0,-1,-1,0,1
2762,20181122,MC2,100,1,100,9,100,10734,100,17,100,9,100,0,100,0,99,54,100,7,0,7657,100,0,100,0,100,0,100,7,63,37,100,1,100,9,100,0,100,0,100,0,100,0,-1,-1,0,1
2762,20181121,MC2,100,1,100,9,100,10710,100,17,100,9,100,0,100,0,99,54,100,7,0,7657,100,0,100,0,100,0,100,7,63,37,100,1,100,9,100,0,100,0,100,0,100,0,-1,-1,0,1
8173,20190617,MC2,100,0,100,0,100,16575,100,14,100,0,100,0,100,0,97,107,100,6,0,7666,100,0,100,0,100,0,100,10,63,37,100,0,100,0,100,0,100,0,100,0,100,0,-1,-1,0,1
8173,20190616,MC2,100,0,100,0,100,16551,100,14,100,0,100,0,100,0,97,107,100,6,0,7666,100,0,100,0,100,0,100,10,63,37,100,0,100,0,100,0,100,0,100,0,100,0,-1,-1,0,1
8173,20190615,MC2,100,0,100,0,100,16527,100,14,100,0,100,0,100,0,97,107,100,6,0,7666,100,0,100,0,100,0,100,10,62,38,100,0,100,0,100,0,100,0,100,0,100,0,-1,-1,0,1
8173,20190614,MC2,100,0,100,0,100,16503,100,14,100,0,100,0,100,0,97,106,100,6,0,7666,100,0,100,0,100,0,100,10,63,37,100,0,100,0,100,0,100,0,100,0,100,0,-1,-1,0,1
-1,-1,-1,-1,-1,-1,-1,-1,-1,-1,-1,-1,-1,-1,-1,-1,-1,-1,-1,-1,-1,-1,-1,-1,-1,-1,-1,-1,-1,-1,-1,-1,-1,-1,-1,-1,-1,-1,-1,-1,-1,-1,-1,-1,-1,-1,-1,1,1
8173,20190612,MC2,100,0,100,0,100,16455,100,14,100,0,100,0,100,0,97,106,100,6,0,7666,100,0,100,0,100,0,100,10,63,37,100,0,100,0,100,0,100,0,100,0,100,0,-1,-1,0,1
8173,20190611,MC2,100,0,100,0,100,16431,100,14,100,0,100,0,100,0,97,106,100,6,0,7666,100,0,100,0,100,0,100,10,63,37,100,0,100,0,100,0,100,0,100,0,100,0,-1,-1,0,1
4271,20181122,MC2,100,0,100,8,100,6854,100,17,100,8,100,0,100,0,100,32,100,9,0,7658,100,0,100,0,100,0,100,7,59,41,100,0,100,8,100,0,100,1,100,0,100,0,-1,-1,0,1
4271,20181121,MC2,100,0,100,8,100,6830,100,17,100,8,100,0,100,0,100,32,100,9,0,7658,100,0,100,0,100,0,100,7,61,39,100,0,100,8,100,0,100,1,100,0,100,0,-1,-1,0,1
4271,20181120,MC2,100,0,100,8,100,6806,100,17,100,8,100,0,100,0,100,32,100,9,0,7658,100,0,100,0,100,0,100,7,61,39,100,0,100,8,100,0,100,1,100,0,100,0,-1,-1,0,1
4271,20181119,MC2,100,0,100,8,100,6782,100,17,100,8,100,0,100,0,100,32,100,9,0,7658,100,0,100,0,100,0,100,7,60,40,100,0,100,8,100,0,100,1,100,0,100,0,-1,-1,0,1
4271,20181118,MC2,100,0,100,8,100,6758,100,17,100,8,100,0,100,0,100,32,100,9,0,7658,100,0,100,0,100,0,100,7,61,39,100,0,100,8,100,0,100,1,100,0,100,0,-1,-1,0,1
4271,20181117,MC2,100,0,100,8,100,6734,100,17,100,8,100,0,100,0,100,32,100,9,0,7658,100,0,100,0,100,0,100,7,61,39,100,0,100,8,100,0,100,1,100,0,100,0,-1,-1,0,1
4271,20181116,MC2,100,0,100,8,100,6710,100,17,100,8,100,0,100,0,100,32,100,9,0,7658,100,0,100,0,100,0,100,7,61,39,100,0,100,8,100,0,100,1,100,0,100,0,-1,-1,0,1
18307,20190413,MC2,100,7,100,3,100,15633,100,13,100,3,100,0,100,0,92,281,100,4,0,7663,100,0,100,0,100,7,100,11,48,52,100,0,100,3,100,0,100,0,100,0,100,0,-1,-1,0,1
18307,20190412,MC2,100,0,100,3,100,15609,100,13,100,3,100,0,100,0,92,280,100,4,0,7663,100,0,100,0,100,0,100,11,50,50,100,0,100,3,100,0,100,0,100,0,100,0,-1,-1,0,1
18307,20190411,MC2,100,0,100,3,100,15585,100,13,100,3,100,0,100,0,92,280,100,4,0,7663,100,0,100,0,100,0,100,11,50,50,100,0,100,3,100,0,100,0,100,0,100,0,-1,-1,0,1
18307,20190410,MC2,100,0,100,3,100,15561,100,13,100,3,100,0,100,0,92,279,100,4,0,7663,100,0,100,0,100,0,100,11,50,50,100,0,100,3,100,0,100,0,100,0,100,0,-1,-1,0,1
18307,20190409,MC2,100,0,100,3,100,15537,100,13,100,3,100,0,100,0,92,278,100,4,0,7663,100,0,100,0,100,0,100,11,49,51,100,0,100,3,100,0,100,0,100,0,100,0,-1,-1,0,1
18307,20190408,MC2,100,0,100,3,100,15513,100,13,100,3,100,0,100,0,92,278,100,4,0,7663,100,0,100,0,100,0,100,11,48,52,100,0,100,3,100,0,100,0,100,0,100,0,-1,-1,0,1
18307,20190407,MC2,100,0,100,3,100,15489,100,13,100,3,100,0,100,0,92,277,100,4,0,7663,100,0,100,0,100,0,100,11,49,51,100,0,100,3,100,0,100,0,100,0,100,0,-1,-1,0,1
4815,20180406,MC2,100,0,100,0,100,6613,100,13,100,0,100,0,100,0,98,92,100,7,0,7666,100,0,100,0,100,0,100,12,57,43,100,0,100,0,100,0,100,0,100,0,100,0,-1,-1,0,1
4815,20180405,MC2,100,0,100,0,100,6589,100,13,100,0,100,0,100,0,98,91,100,7,0,7666,100,0,100,0,100,0,100,12,52,48,100,0,100,0,100,0,100,0,100,0,100,0,-1,-1,0,1
4815,20180404,MC2,100,0,100,0,100,6565,100,13,100,0,100,0,100,0,98,91,100,7,0,7666,100,0,100,0,100,0,100,12,52,48,100,0,100,0,100,0,100,0,100,0,100,0,-1,-1,0,1
4815,20180403,MC2,100,0,100,0,100,6541,100,13,100,0,100,0,100,0,98,90,100,7,0,7666,100,0,100,0,100,0,100,12,52,48,100,0,100,0,100,0,100,0,100,0,100,0,-1,-1,0,1
4815,20180402,MC2,100,0,100,0,100,6517,100,13,100,0,100,0,100,0,98,89,100,7,0,7666,100,0,100,0,100,0,100,12,52,48,100,0,100,0,100,0,100,0,100,0,100,0,-1,-1,0,1
4815,20180401,MC2,100,0,100,0,100,6493,100,13,100,0,100,0,100,0,98,89,100,7,0,7666,100,0,100,0,100,0,100,12,52,48,100,0,100,0,100,0,100,0,100,0,100,0,-1,-1,0,1
4815,20180331,MC2,100,0,100,0,100,6469,100,13,100,0,100,0,100,0,98,88,100,7,0,7666,100,0,100,0,100,0,100,12,52,48,100,0,100,0,100,0,100,0,100,0,100,0,-1,-1,0,1
9908,20180813,MC2,100,4,100,7,100,9711,100,11,100,7,100,0,100,0,96,158,100,4,0,7659,100,0,100,0,100,4,100,10,51,49,100,0,100,7,100,0,100,0,100,0,100,0,-1,-1,0,1
9908,20180812,MC2,100,0,100,3,100,9687,100,11,100,3,100,0,100,0,96,158,100,4,0,7663,100,0,100,0,100,0,100,10,50,50,100,0,100,3,100,0,100,0,100,0,100,0,-1,-1,0,1
9908,20180811,MC2,100,0,100,3,100,9663,100,11,100,3,100,0,100,0,96,157,100,4,0,7663,100,0,100,0,100,0,100,10,52,48,100,0,100,3,100,0,100,0,100,0,100,0,-1,-1,0,1
9908,20180810,MC2,100,0,100,3,100,9639,100,11,100,3,100,0,100,0,96,157,100,4,0,7663,100,0,100,0,100,0,100,10,51,49,100,0,100,3,100,0,100,0,100,0,100,0,-1,-1,0,1
9908,20180809,MC2,100,0,100,3,100,9615,100,11,100,3,100,0,100,0,96,156,100,4,0,7663,100,0,100,0,100,0,100,10,50,50,100,0,100,3,100,0,100,0,100,0,100,0,-1,-1,0,1
9908,20180808,MC2,100,0,100,3,100,9591,100,11,100,3,100,0,100,0,96,156,100,4,0,7663,100,0,100,0,100,0,100,10,51,49,100,0,100,3,100,0,100,0,100,0,100,0,-1,-1,0,1
9908,20180807,MC2,100,0,100,3,100,9567,100,11,100,3,100,0,100,0,96,155,100,4,0,7663,100,0,100,0,100,0,100,10,51,49,100,0,100,3,100,0,100,0,100,0,100,0,-1,-1,0,1
-1,-1,-1,-1,-1,-1,-1,-1,-1,-1,-1,-1,-1,-1,-1,-1,-1,-1,-1,-1,-1,-1,-1,-1,-1,-1,-1,-1,-1,-1,-1,-1,-1,-1,-1,-1,-1,-1,-1,-1,-1,-1,-1,-1,-1,-1,-1,1,1
-1,-1,-1,-1,-1,-1,-1,-1,-1,-1,-1,-1,-1,-1,-1,-1,-1,-1,-1,-1,-1,-1,-1,-1,-1,-1,-1,-1,-1,-1,-1,-1,-1,-1,-1,-1,-1,-1,-1,-1,-1,-1,-1,-1,-1,-1,-1,1,1
10200,20180815,MC2,100,0,100,1,100,9759,100,12,100,1,100,0,100,0,96,157,100,5,0,7665,100,0,100,0,100,0,100,9,50,50,100,0,100,1,100,0,100,0,100,0,100,0,-1,-1,0,1
10200,20180814,MC2,100,0,100,1,100,9735,100,12,100,1,100,0,100,0,96,157,100,5,0,7665,100,0,100,0,100,0,100,9,50,50,100,0,100,1,100,0,100,0,100,0,100,0,-1,-1,0,1
10200,20180813,MC2,100,0,100,1,100,9711,100,12,100,1,100,0,100,0,96,156,100,5,0,7665,100,0,100,0,100,0,100,9,50,50,100,0,100,1,100,0,100,0,100,0,100,0,-1,-1,0,1
10200,20180812,MC2,100,0,100,1,100,9687,100,12,100,1,100,0,100,0,96,156,100,5,0,7665,100,0,100,0,100,0,100,9,50,50,100,0,100,1,100,0,100,0,100,0,100,0,-1,-1,0,1
10200,20180811,MC2,100,0,100,1,100,9663,100,12,100,1,100,0,100,0,96,155,100,5,0,7665,100,0,100,0,100,0,100,9,51,49,100,0,100,1,100,0,100,0,100,0,100,0,-1,-1,0,1
8809,20181122,MC2,100,0,100,4,100,11456,100,22,100,4,100,0,100,0,99,62,100,14,0,7662,100,0,100,0,100,0,100,13,65,35,100,0,100,4,100,0,100,1,100,0,100,0,-1,-1,0,1
8809,20181121,MC2,100,0,100,4,100,11432,100,21,100,4,100,0,100,0,99,62,100,13,0,7662,100,0,100,0,100,0,100,13,65,35,100,0,100,4,100,0,100,1,100,0,100,0,-1,-1,0,1
8809,20181120,MC2,100,0,100,4,100,11408,100,21,100,4,100,0,100,0,99,62,100,13,0,7662,100,0,100,0,100,0,100,13,65,35,100,0,100,4,100,0,100,1,100,0,100,0,-1,-1,0,1
8809,20181119,MC2,100,0,100,4,100,11385,100,21,100,4,100,0,100,0,99,62,100,13,0,7662,100,0,100,0,100,0,100,13,65,35,100,0,100,4,100,0,100,1,100,0,100,0,-1,-1,0,1
8809,20181118,MC2,100,0,100,4,100,11361,100,21,100,4,100,0,100,0,99,62,100,13,0,7662,100,0,100,0,100,0,100,13,65,35,100,0,100,4,100,0,100,1,100,0,100,0,-1,-1,0,1
8809,20181117,MC2,100,0,100,4,100,11337,100,21,100,4,100,0,100,0,99,62,100,13,0,7662,100,0,100,0,100,0,100,13,65,35,100,0,100,4,100,0,100,1,100,0,100,0,-1,-1,0,1
8809,20181116,MC2,100,0,100,4,100,11313,100,21,100,4,100,0,100,0,99,61,100,13,0,7662,100,0,100,0,100,0,100,13,65,35,100,0,100,4,100,0,100,1,100,0,100,0,-1,-1,0,1
21378,20181122,MC2,100,0,100,4,100,10223,100,16,100,4,100,0,100,0,99,56,100,6,0,7662,100,0,100,0,100,0,100,11,65,35,100,0,100,4,100,0,100,1,100,0,100,0,-1,-1,0,1
21378,20181121,MC2,100,0,100,4,100,10199,100,16,100,4,100,0,100,0,99,56,100,6,0,7662,100,0,100,0,100,0,100,11,66,34,100,0,100,4,100,0,100,1,100,0,100,0,-1,-1,0,1
21378,20181120,MC2,100,0,100,4,100,10175,100,16,100,4,100,0,100,0,99,56,100,6,0,7662,100,0,100,0,100,0,100,11,65,35,100,0,100,4,100,0,100,1,100,0,100,0,-1,-1,0,1
21378,20181119,MC2,100,0,100,4,100,10151,100,16,100,4,100,0,100,0,99,56,100,6,0,7662,100,0,100,0,100,0,100,11,65,35,100,0,100,4,100,0,100,1,100,0,100,0,-1,-1,0,1
21378,20181118,MC2,100,0,100,4,100,10127,100,16,100,4,100,0,100,0,99,56,100,6,0,7662,100,0,100,0,100,0,100,11,65,35,100,0,100,4,100,0,100,1,100,0,100,0,-1,-1,0,1
21378,20181117,MC2,100,0,100,4,100,10103,100,16,100,4,100,0,100,0,99,56,100,6,0,7662,100,0,100,0,100,0,100,11,66,34,100,0,100,4,100,0,100,1,100,0,100,0,-1,-1,0,1
21378,20181116,MC2,100,0,100,4,100,10079,100,16,100,4,100,0,100,0,99,56,100,6,0,7662,100,0,100,0,100,0,100,11,65,35,100,0,100,4,100,0,100,1,100,0,100,0,-1,-1,0,1
7414,20181122,MC2,100,0,100,12,100,7515,100,18,100,12,100,0,100,0,100,10,100,9,0,7654,100,0,100,0,100,0,100,10,64,36,100,0,100,12,100,0,100,1,100,0,100,0,-1,-1,0,1
7414,20181121,MC2,100,0,100,12,100,7491,100,18,100,12,100,0,100,0,100,10,100,9,0,7654,100,0,100,0,100,0,100,10,63,37,100,0,100,12,100,0,100,1,100,0,100,0,-1,-1,0,1
7414,20181120,MC2,100,0,100,12,100,7463,100,18,100,12,100,0,100,0,100,10,100,9,0,7654,100,0,100,0,100,0,100,10,64,36,100,0,100,12,100,0,100,1,100,0,100,0,-1,-1,0,1
7414,20181119,MC2,100,0,100,12,100,7439,100,18,100,12,100,0,100,0,100,10,100,9,0,7654,100,0,100,0,100,0,100,10,65,35,100,0,100,12,100,0,100,1,100,0,100,0,-1,-1,0,1
7414,20181118,MC2,100,0,100,12,100,7415,100,18,100,12,100,0,100,0,100,10,100,9,0,7654,100,0,100,0,100,0,100,10,65,35,100,0,100,12,100,0,100,1,100,0,100,0,-1,-1,0,1
7414,20181117,MC2,100,0,100,12,100,7391,100,18,100,12,100,0,100,0,100,10,100,9,0,7654,100,0,100,0,100,0,100,10,65,35,100,0,100,12,100,0,100,1,100,0,100,0,-1,-1,0,1
7414,20181116,MC2,100,0,100,12,100,7367,100,18,100,12,100,0,100,0,100,10,100,9,0,7654,100,0,100,0,100,0,100,10,65,35,100,0,100,12,100,0,100,1,100,0,100,0,-1,-1,0,1
572,20181127,MC2,100,0,100,2,100,7634,100,18,100,2,100,0,100,0,100,9,100,9,0,7664,100,0,100,0,100,0,100,10,63,37,100,0,100,2,100,0,100,1,100,0,100,0,-1,-1,0,1
572,20181126,MC2,100,0,100,2,100,7610,100,18,100,2,100,0,100,0,100,9,100,9,0,7664,100,0,100,0,100,0,100,10,64,36,100,0,100,2,100,0,100,1,100,0,100,0,-1,-1,0,1
572,20181125,MC2,100,0,100,2,100,7586,100,18,100,2,100,0,100,0,100,9,100,9,0,7664,100,0,100,0,100,0,100,10,64,36,100,0,100,2,100,0,100,0,100,0,100,0,-1,-1,0,1
572,20181124,MC2,100,0,100,2,100,7562,100,18,100,2,100,0,100,0,100,9,100,9,0,7664,100,0,100,0,100,0,100,10,64,36,100,0,100,2,100,0,100,0,100,0,100,0,-1,-1,0,1
572,20181123,MC2,100,0,100,2,100,7538,100,18,100,2,100,0,100,0,100,9,100,9,0,7664,100,0,100,0,100,0,100,10,64,36,100,0,100,2,100,0,100,0,100,0,100,0,-1,-1,0,1
572,20181122,MC2,100,0,100,2,100,7514,100,18,100,2,100,0,100,0,100,9,100,9,0,7664,100,0,100,0,100,0,100,10,64,36,100,0,100,2,100,0,100,0,100,0,100,0,-1,-1,0,1
572,20181121,MC2,100,0,100,2,100,7490,100,18,100,2,100,0,100,0,100,9,100,9,0,7664,100,0,100,0,100,0,100,10,63,37,100,0,100,2,100,0,100,0,100,0,100,0,-1,-1,0,1
-1,-1,-1,-1,-1,-1,-1,-1,-1,-1,-1,-1,-1,-1,-1,-1,-1,-1,-1,-1,-1,-1,-1,-1,-1,-1,-1,-1,-1,-1,-1,-1,-1,-1,-1,-1,-1,-1,-1,-1,-1,-1,-1,-1,-1,-1,-1,1,1
19204,20190807,MC2,100,0,100,0,100,17257,100,39,100,0,100,0,100,0,99,60,100,29,0,7666,100,0,100,0,100,0,100,25,67,33,100,0,100,0,100,0,100,0,100,0,100,0,-1,-1,0,1
19204,20190806,MC2,100,0,100,0,100,17233,100,39,100,0,100,0,100,0,99,60,100,29,0,7666,100,0,100,0,100,0,100,25,67,33,100,0,100,0,100,0,100,0,100,0,100,0,-1,-1,0,1
19204,20190805,MC2,100,0,100,0,100,17209,100,39,100,0,100,0,100,0,99,60,100,29,0,7666,100,0,100,0,100,0,100,25,67,33,100,0,100,0,100,0,100,0,100,0,100,0,-1,-1,0,1
19204,20190804,MC2,100,0,100,0,100,17185,100,39,100,0,100,0,100,0,99,60,100,29,0,7666,100,0,100,0,100,0,100,25,67,33,100,0,100,0,100,0,100,0,100,0,100,0,-1,-1,0,1
19204,20190803,MC2,100,0,100,0,100,17161,100,39,100,0,100,0,100,0,99,60,100,29,0,7666,100,0,100,0,100,0,100,25,67,33,100,0,100,0,100,0,100,0,100,0,100,0,-1,-1,0,1
19204,20190802,MC2,100,0,100,0,100,17137,100,39,100,0,100,0,100,0,99,60,100,29,0,7666,100,0,100,0,100,0,100,25,67,33,100,0,100,0,100,0,100,0,100,0,100,0,-1,-1,0,1
6871,20181205,MC2,100,0,100,16,100,7681,100,16,100,16,100,0,100,0,100,13,100,7,0,7650,100,0,100,0,100,0,100,8,66,34,100,0,100,16,100,0,100,1,100,0,100,0,-1,-1,0,1
6871,20181204,MC2,100,0,100,16,100,7657,100,16,100,16,100,0,100,0,100,13,100,7,0,7650,100,0,100,0,100,0,100,8,66,34,100,0,100,16,100,0,100,1,100,0,100,0,-1,-1,0,1
6871,20181203,MC2,100,0,100,16,100,7633,100,16,100,16,100,0,100,0,100,13,100,7,0,7650,100,0,100,0,100,0,100,8,65,35,100,0,100,16,100,0,100,1,100,0,100,0,-1,-1,0,1
-1,-1,-1,-1,-1,-1,-1,-1,-1,-1,-1,-1,-1,-1,-1,-1,-1,-1,-1,-1,-1,-1,-1,-1,-1,-1,-1,-1,-1,-1,-1,-1,-1,-1,-1,-1,-1,-1,-1,-1,-1,-1,-1,-1,-1,-1,-1,1,1
-1,-1,-1,-1,-1,-1,-1,-1,-1,-1,-1,-1,-1,-1,-1,-1,-1,-1,-1,-1,-1,-1,-1,-1,-1,-1,-1,-1,-1,-1,-1,-1,-1,-1,-1,-1,-1,-1,-1,-1,-1,-1,-1,-1,-1,-1,-1,1,1
-1,-1,-1,-1,-1,-1,-1,-1,-1,-1,-1,-1,-1,-1,-1,-1,-1,-1,-1,-1,-1,-1,-1,-1,-1,-1,-1,-1,-1,-1,-1,-1,-1,-1,-1,-1,-1,-1,-1,-1,-1,-1,-1,-1,-1,-1,-1,1,1
-1,-1,-1,-1,-1,-1,-1,-1,-1,-1,-1,-1,-1,-1,-1,-1,-1,-1,-1,-1,-1,-1,-1,-1,-1,-1,-1,-1,-1,-1,-1,-1,-1,-1,-1,-1,-1,-1,-1,-1,-1,-1,-1,-1,-1,-1,-1,1,1
-1,-1,-1,-1,-1,-1,-1,-1,-1,-1,-1,-1,-1,-1,-1,-1,-1,-1,-1,-1,-1,-1,-1,-1,-1,-1,-1,-1,-1,-1,-1,-1,-1,-1,-1,-1,-1,-1,-1,-1,-1,-1,-1,-1,-1,-1,-1,1,1
18643,20181121,MC2,100,0,100,7,100,7392,100,17,100,7,100,0,100,0,99,40,100,8,0,7659,100,0,100,0,100,0,100,12,63,37,100,0,100,7,100,0,100,1,100,0,100,0,-1,-1,0,1
18643,20181120,MC2,100,0,100,7,100,7368,100,17,100,7,100,0,100,0,99,40,100,8,0,7659,100,0,100,0,100,0,100,12,63,37,100,0,100,7,100,0,100,1,100,0,100,0,-1,-1,0,1
18643,20181119,MC2,100,0,100,7,100,7344,100,17,100,7,100,0,100,0,99,40,100,8,0,7659,100,0,100,0,100,0,100,12,60,40,100,0,100,7,100,0,100,1,100,0,100,0,-1,-1,0,1
18643,20181118,MC2,100,0,100,7,100,7320,100,17,100,7,100,0,100,0,99,40,100,8,0,7659,100,0,100,0,100,0,100,12,60,40,100,0,100,7,100,0,100,1,100,0,100,0,-1,-1,0,1
18643,20181117,MC2,100,0,100,7,100,7296,100,17,100,7,100,0,100,0,99,40,100,8,0,7659,100,0,100,0,100,0,100,12,59,41,100,0,100,7,100,0,100,1,100,0,100,0,-1,-1,0,1
18643,20181116,MC2,100,0,100,7,100,7272,100,17,100,7,100,0,100,0,99,40,100,8,0,7659,100,0,100,0,100,0,100,12,59,41,100,0,100,7,100,0,100,1,100,0,100,0,-1,-1,0,1
1396,20181122,MC2,100,0,100,24,100,7407,100,15,100,24,100,0,100,0,99,35,100,7,0,7642,100,0,100,0,100,0,100,9,59,41,100,0,100,24,100,0,100,1,100,0,100,0,-1,-1,0,1
1396,20181121,MC2,100,0,100,24,100,7383,100,15,100,24,100,0,100,0,99,35,100,7,0,7642,100,0,100,0,100,0,100,9,62,38,100,0,100,24,100,0,100,1,100,0,100,0,-1,-1,0,1
1396,20181120,MC2,100,0,100,24,100,7359,100,15,100,24,100,0,100,0,99,35,100,7,0,7642,100,0,100,0,100,0,100,9,62,38,100,0,100,24,100,0,100,1,100,0,100,0,-1,-1,0,1
1396,20181119,MC2,100,0,100,24,100,7335,100,15,100,24,100,0,100,0,99,35,100,7,0,7642,100,0,100,0,100,0,100,9,61,39,100,0,100,24,100,0,100,1,100,0,100,0,-1,-1,0,1
1396,20181118,MC2,100,0,100,24,100,7311,100,15,100,24,100,0,100,0,99,35,100,7,0,7642,100,0,100,0,100,0,100,9,61,39,100,0,100,24,100,0,100,1,100,0,100,0,-1,-1,0,1
1396,20181117,MC2,100,0,100,24,100,7287,100,15,100,24,100,0,100,0,99,35,100,7,0,7642,100,0,100,0,100,0,100,9,61,39,100,0,100,24,100,0,100,1,100,0,100,0,-1,-1,0,1
1396,20181116,MC2,100,0,100,24,100,7263,100,15,100,24,100,0,100,0,99,35,100,7,0,7642,100,0,100,0,100,0,100,9,61,39,100,0,100,24,100,0,100,1,100,0,100,0,-1,-1,0,1
22875,20181122,MC2,100,0,100,8,100,7545,100,18,100,8,100,0,100,0,100,9,100,9,0,7658,100,0,100,0,100,0,100,8,65,35,100,0,100,8,100,0,100,1,100,0,100,0,-1,-1,0,1
22875,20181121,MC2,100,0,100,8,100,7521,100,18,100,8,100,0,100,0,100,9,100,9,0,7658,100,0,100,0,100,0,100,8,65,35,100,0,100,8,100,0,100,1,100,0,100,0,-1,-1,0,1
22875,20181120,MC2,100,0,100,8,100,7493,100,18,100,8,100,0,100,0,100,9,100,9,0,7658,100,0,100,0,100,0,100,8,65,35,100,0,100,8,100,0,100,1,100,0,100,0,-1,-1,0,1
22875,20181119,MC2,100,0,100,8,100,7469,100,18,100,8,100,0,100,0,100,9,100,9,0,7658,100,0,100,0,100,0,100,8,67,33,100,0,100,8,100,0,100,1,100,0,100,0,-1,-1,0,1
22875,20181118,MC2,100,0,100,8,100,7445,100,18,100,8,100,0,100,0,100,9,100,9,0,7658,100,0,100,0,100,0,100,8,66,34,100,0,100,8,100,0,100,1,100,0,100,0,-1,-1,0,1
22875,20181117,MC2,100,0,100,8,100,7421,100,18,100,8,100,0,100,0,100,9,100,9,0,7658,100,0,100,0,100,0,100,8,66,34,100,0,100,8,100,0,100,1,100,0,100,0,-1,-1,0,1
22875,20181116,MC2,100,0,100,8,100,7397,100,18,100,8,100,0,100,0,100,9,100,9,0,7658,100,0,100,0,100,0,100,8,66,34,100,0,100,8,100,0,100,1,100,0,100,0,-1,-1,0,1
18794,20181205,MC2,100,0,100,2,100,7673,100,19,100,2,100,0,100,0,100,14,100,10,0,7664,100,0,100,0,100,0,100,10,67,33,100,0,100,2,100,0,100,1,100,0,100,0,-1,-1,0,1
18794,20181204,MC2,100,0,100,2,100,7649,100,19,100,2,100,0,100,0,100,14,100,10,0,7664,100,0,100,0,100,0,100,10,67,33,100,0,100,2,100,0,100,1,100,0,100,0,-1,-1,0,1
18794,20181203,MC2,100,0,100,2,100,7625,100,17,100,2,100,0,100,0,100,13,100,8,0,7664,100,0,100,0,100,0,100,10,67,33,100,0,100,2,100,0,100,1,100,0,100,0,-1,-1,0,1
-1,-1,-1,-1,-1,-1,-1,-1,-1,-1,-1,-1,-1,-1,-1,-1,-1,-1,-1,-1,-1,-1,-1,-1,-1,-1,-1,-1,-1,-1,-1,-1,-1,-1,-1,-1,-1,-1,-1,-1,-1,-1,-1,-1,-1,-1,-1,1,1
-1,-1,-1,-1,-1,-1,-1,-1,-1,-1,-1,-1,-1,-1,-1,-1,-1,-1,-1,-1,-1,-1,-1,-1,-1,-1,-1,-1,-1,-1,-1,-1,-1,-1,-1,-1,-1,-1,-1,-1,-1,-1,-1,-1,-1,-1,-1,1,1
-1,-1,-1,-1,-1,-1,-1,-1,-1,-1,-1,-1,-1,-1,-1,-1,-1,-1,-1,-1,-1,-1,-1,-1,-1,-1,-1,-1,-1,-1,-1,-1,-1,-1,-1,-1,-1,-1,-1,-1,-1,-1,-1,-1,-1,-1,-1,1,1
-1,-1,-1,-1,-1,-1,-1,-1,-1,-1,-1,-1,-1,-1,-1,-1,-1,-1,-1,-1,-1,-1,-1,-1,-1,-1,-1,-1,-1,-1,-1,-1,-1,-1,-1,-1,-1,-1,-1,-1,-1,-1,-1,-1,-1,-1,-1,1,1
-1,-1,-1,-1,-1,-1,-1,-1,-1,-1,-1,-1,-1,-1,-1,-1,-1,-1,-1,-1,-1,-1,-1,-1,-1,-1,-1,-1,-1,-1,-1,-1,-1,-1,-1,-1,-1,-1,-1,-1,-1,-1,-1,-1,-1,-1,-1,1,1
8576,20181121,MC2,100,0,100,4,100,7384,100,20,100,4,100,0,100,0,99,39,100,11,0,7662,100,0,100,0,100,0,100,12,62,38,100,0,100,4,100,0,100,1,100,0,100,0,-1,-1,0,1
8576,20181120,MC2,100,0,100,4,100,7360,100,20,100,4,100,0,100,0,99,39,100,11,0,7662,100,0,100,0,100,0,100,12,62,38,100,0,100,4,100,0,100,1,100,0,100,0,-1,-1,0,1
8576,20181119,MC2,100,0,100,4,100,7336,100,20,100,4,100,0,100,0,99,39,100,11,0,7662,100,0,100,0,100,0,100,12,61,39,100,0,100,4,100,0,100,1,100,0,100,0,-1,-1,0,1
8576,20181118,MC2,100,0,100,4,100,7312,100,20,100,4,100,0,100,0,99,39,100,11,0,7662,100,0,100,0,100,0,100,12,61,39,100,0,100,4,100,0,100,1,100,0,100,0,-1,-1,0,1
8576,20181117,MC2,100,0,100,4,100,7288,100,20,100,4,100,0,100,0,99,39,100,11,0,7662,100,0,100,0,100,0,100,12,61,39,100,0,100,4,100,0,100,1,100,0,100,0,-1,-1,0,1
8576,20181116,MC2,100,0,100,4,100,7264,100,20,100,4,100,0,100,0,99,39,100,11,0,7662,100,0,100,0,100,0,100,12,61,39,100,0,100,4,100,0,100,1,100,0,100,0,-1,-1,0,1
